time,open,high,low,close,tick_volume,spread,real_volume,timestamp,EMA_short,EMA_long,RSI,ATR,MACD
1704788940,1.09513,1.09526,1.09508,1.09517,103,3,0,2024-01-09 08:29:00,,,,0.0,
1704789000,1.09517,1.09517,1.09501,1.09504,108,1,0,2024-01-09 08:30:00,,,,0.0,
1704789060,1.09504,1.0951,1.09496,1.0951,114,1,0,2024-01-09 08:31:00,,,,0.0,
1704789120,1.0951,1.0951,1.09499,1.09508,97,1,0,2024-01-09 08:32:00,,,,0.0,
1704789180,1.09508,1.09515,1.0950199999999999,1.0951,87,1,0,2024-01-09 08:33:00,,,,0.0,
1704789240,1.09512,1.09519,1.0951,1.09515,80,1,0,2024-01-09 08:34:00,,,,0.0,
1704789300,1.09515,1.09517,1.09503,1.09503,68,1,0,2024-01-09 08:35:00,,,,0.0,
1704789360,1.09503,1.09505,1.09496,1.09499,77,1,0,2024-01-09 08:36:00,,,,0.0,
1704789420,1.09498,1.09505,1.09498,1.09503,87,1,0,2024-01-09 08:37:00,,,,0.0,
1704789480,1.09503,1.09512,1.09501,1.0951,55,1,0,2024-01-09 08:38:00,,,,0.0,
1704789540,1.0951,1.09512,1.09499,1.0951,81,1,0,2024-01-09 08:39:00,,,,0.0,
1704789600,1.0951,1.09518,1.09507,1.09518,111,1,0,2024-01-09 08:40:00,,,,0.0,
1704789660,1.09518,1.09527,1.09509,1.09513,147,1,0,2024-01-09 08:41:00,,,,0.0,
1704789720,1.09512,1.09523,1.0951,1.09522,102,1,0,2024-01-09 08:42:00,,,59.48247047233678,0.00012642857142862254,
1704789780,1.09521,1.09529,1.09513,1.09527,101,1,0,2024-01-09 08:43:00,,,63.35490849778424,0.00012882653061230379,
1704789840,1.09527,1.09527,1.09519,1.09524,121,1,0,2024-01-09 08:44:00,,,59.669945800585175,0.00012533892128284337,
1704789900,1.09524,1.0953,1.09521,1.09523,116,1,0,2024-01-09 08:45:00,,,58.449559017861944,0.00012281471261977767,
1704789960,1.09523,1.09523,1.09509,1.09511,86,1,0,2024-01-09 08:46:00,,,46.23053094283666,0.00012404223314693848,
1704790020,1.09511,1.09515,1.09506,1.09509,117,1,0,2024-01-09 08:47:00,,,44.55859236201135,0.0001216106450650247,
1704790080,1.09509,1.0951,1.09496,1.09499,109,1,0,2024-01-09 08:48:00,1.0951315848714345,,37.29576605549773,0.000122924170417525,
1704790140,1.09499,1.09505,1.09498,1.09501,53,1,0,2024-01-09 08:49:00,1.0951200053598693,,39.42243877226848,0.00011914387253055998,
1704790200,1.09501,1.0951,1.095,1.09508,40,1,0,2024-01-09 08:50:00,1.095116195325596,,46.288726109155995,0.00011777645306409062,
1704790260,1.09508,1.09508,1.09496,1.09503,71,1,0,2024-01-09 08:51:00,1.0951079862469677,,42.57648134654086,0.00011793527784523556,
1704790320,1.0950199999999999,1.09514,1.0950199999999999,1.09508,83,1,0,2024-01-09 08:52:00,1.0951053208901136,,47.14167741600579,0.00011808275799915589,
1704790380,1.09508,1.09513,1.09507,1.09512,45,1,0,2024-01-09 08:53:00,1.095106718900579,,50.53001069241208,0.00011393398957064111,
1704790440,1.09511,1.09511,1.09503,1.09508,93,1,0,2024-01-09 08:54:00,1.095104174243381,,47.26702130072961,0.00011222441888703429,
1704790500,1.09508,1.0951,1.09498,1.09503,80,1,0,2024-01-09 08:55:00,1.0950971100297255,,43.48679043662246,0.00011277981753795312,
1704790560,1.09503,1.09509,1.09501,1.09503,68,1,0,2024-01-09 08:56:00,1.0950907185983232,,43.48679043662246,0.00011043840199951776,
1704790620,1.09503,1.09504,1.09484,1.09498,182,1,0,2024-01-09 08:57:00,1.0950801739699114,,39.795615082771945,0.00011683565899955062,
1704790680,1.09499,1.0950199999999999,1.09491,1.0950199999999999,100,1,0,2024-01-09 08:58:00,1.095074443115634,,43.898210640638275,0.0001163473976424279,
1704790740,1.09503,1.09509,1.09496,1.09503,170,1,0,2024-01-09 08:59:00,1.0950702104379546,,44.908943476657875,0.00011732258352510901,
1704790800,1.09503,1.09504,1.0948,1.0948,303,1,0,2024-01-09 09:00:00,1.0950444761105305,,31.05212546086088,0.00012608525613045965,
1704790860,1.0948,1.09485,1.0946,1.09468,229,1,0,2024-01-09 09:01:00,1.0950097641000038,,26.464099294593794,0.00013493630926400421,
1704790920,1.09467,1.09484,1.09458,1.09473,223,1,0,2024-01-09 09:02:00,1.0949831199000035,,31.036332218586665,0.00014386943003085582,-3.717349101349705e-05
1704790980,1.09473,1.09484,1.09463,1.09483,185,1,0,2024-01-09 09:03:00,1.094968537052384,,39.18115729072811,0.00014859304217151206,-3.0834719802620784e-05
1704791040,1.09483,1.0949200000000001,1.09473,1.09491,210,1,0,2024-01-09 09:04:00,1.094962962095014,,44.79798393025423,0.00015155068201641367,-1.96407168378266e-05
1704791100,1.09491,1.09504,1.09487,1.09503,199,1,0,2024-01-09 09:05:00,1.0949693466573938,,51.96425656992072,0.00015286849044381294,-3.3928850843745697e-06
1704791160,1.09503,1.09525,1.09499,1.09524,220,1,0,2024-01-09 09:06:00,1.0949951231662134,,61.406501623511126,0.0001605207411264084,2.092217327090747e-05
1704791220,1.09522,1.0953,1.09515,1.09528,168,1,0,2024-01-09 09:07:00,1.0950222542932406,,62.90233330038739,0.0001597692596173701,3.8122288720579405e-05
1704791280,1.09528,1.09537,1.09522,1.09533,205,1,0,2024-01-09 09:08:00,1.0950515634081701,,64.74192673300914,0.00015907145535897738,5.051252555317232e-05
1704791340,1.09533,1.09543,1.09529,1.09542,185,1,0,2024-01-09 09:09:00,1.0950866526073921,,67.83386831219369,0.00015770920854760805,6.167608525210424e-05
1704791400,1.09542,1.09542,1.09514,1.09518,262,1,0,2024-01-09 09:10:00,1.0950955428352596,,54.18729554180307,0.00016644426507992589,5.0285173908201774e-05
1704791460,1.09518,1.09541,1.09515,1.09531,142,1,0,2024-01-09 09:11:00,1.0951159673271396,,58.99889400291719,0.00017312681757421168,4.8852612992476114e-05
1704791520,1.09531,1.09534,1.09519,1.09525,144,1,0,2024-01-09 09:12:00,1.0951287323436025,,56.0717752968065,0.00017147490203318745,4.1500149297844486e-05
1704791580,1.09524,1.09535,1.09522,1.09528,83,1,0,2024-01-09 09:13:00,1.095143138787069,,57.21477206499493,0.0001685124090308143,3.6471636033680066e-05
1704791640,1.09528,1.09546,1.09524,1.09538,159,1,0,2024-01-09 09:14:00,1.0951656969978243,,60.869693365887855,0.00017219009410004963,3.754744308286353e-05
1704791700,1.09539,1.09542,1.09528,1.09539,174,1,0,2024-01-09 09:15:00,1.0951870591885076,,61.22639495616691,0.00016989080166433386,3.656375629942571e-05
1704791760,1.09539,1.09558,1.09537,1.0955300000000001,159,1,0,2024-01-09 09:16:00,1.0952197202181735,,65.91143429513534,0.00017275574440259886,4.255374526695719e-05
1704791820,1.0955300000000001,1.09571,1.09552,1.09567,184,1,0,2024-01-09 09:17:00,1.0952626040069189,,69.83647237073535,0.0001739874769452641,5.250370537987823e-05
1704791880,1.09567,1.09575,1.0956,1.09569,137,1,0,2024-01-09 09:18:00,1.0953033083872123,1.0951913932534225,70.36149507125165,0.00017227408573489486,5.663631911570198e-05
1704791940,1.09569,1.09583,1.09567,1.09579,193,1,0,2024-01-09 09:19:00,1.0953496599693826,1.095214868027798,72.90129322876699,0.00017139736532527093,6.188242187976412e-05
1704792000,1.09579,1.09579,1.09567,1.09571,170,1,0,2024-01-09 09:20:00,1.0953839780675367,1.0952342849678844,67.88920932791356,0.000167726124944903,5.592320657514616e-05
1704792060,1.09571,1.09583,1.09571,1.09578,124,1,0,2024-01-09 09:21:00,1.095421694442057,1.0952556855573792,69.8429405983468,0.00016431711602027564,5.269829617450333e-05
1704792120,1.09579,1.09584,1.0957,1.09573,113,1,0,2024-01-09 09:22:00,1.0954510568761469,1.0952742861237565,66.72025559714231,0.0001625801791616866,4.357802051223439e-05
1704792180,1.09573,1.09574,1.09554,1.09571,156,1,0,2024-01-09 09:23:00,1.0954757181260377,1.0952913729424327,65.45952245854,0.00016525302350727883,3.3055950828043485e-05
1704792240,1.09571,1.09576,1.09564,1.09573,158,1,0,2024-01-09 09:24:00,1.0954999354473676,1.0953085740035138,66.14838029574713,0.00016202066468533894,2.46842134422483e-05
1704792300,1.09574,1.0958,1.09571,1.09573,143,1,0,2024-01-09 09:25:00,1.0955218463571421,1.0953251005131799,66.14838029574713,0.00015687633149353943,1.676650939764869e-05
1704792360,1.09573,1.09583,1.0957,1.09579,151,1,0,2024-01-09 09:26:00,1.0955473847993191,1.095343331865604,68.34490224127217,0.00015495659352972842,1.3339289347157036e-05
1704792420,1.09579,1.09592,1.09579,1.09583,210,1,0,2024-01-09 09:27:00,1.0955743005327172,1.0953624168904823,69.75392665689702,0.00015317397970617376,1.1599521992388111e-05
1704792480,1.09582,1.09583,1.09574,1.09578,152,1,0,2024-01-09 09:28:00,1.0955938909581726,1.0953787926986986,65.81057728435057,0.00014866155258431461,5.238591374840041e-06
1704792540,1.09578,1.09585,1.09572,1.09581,76,1,0,2024-01-09 09:29:00,1.09561447277168,1.0953957027889458,67.01545514794921,0.00014732858454257527,1.4081289408586657e-06
1704792600,1.09584,1.09603,1.0958,1.09594,147,0,0,2024-01-09 09:30:00,1.0956454753648532,1.0954170477776146,71.67393559376254,0.00015323368564667362,5.743071082580661e-06
1704792660,1.09594,1.0959699999999999,1.09586,1.09593,106,0,0,2024-01-09 09:31:00,1.095672572949153,1.0954371635510414,70.84506880487737,0.00015014556524332783,6.021123236705334e-06
1704792720,1.09593,1.09604,1.0959,1.09603,83,0,0,2024-01-09 09:32:00,1.0957066136206621,1.095460412039236,74.07390014048485,0.00014942088201164776,1.074803905026618e-05
1704792780,1.09604,1.09625,1.09602,1.09625,134,0,0,2024-01-09 09:33:00,1.0957583647044085,1.0954913762729914,79.46262132548077,0.00015517653329652666,2.564924638224082e-05
1704792840,1.09625,1.0963,1.09619,1.09625,122,0,0,2024-01-09 09:34:00,1.0958051871135124,1.0955211262230702,79.46262132548077,0.00015194963806106437,3.204801075689433e-05
1704792900,1.09625,1.09628,1.09619,1.09625,136,0,0,2024-01-09 09:35:00,1.095847550245559,1.0955497095084399,79.46262132548077,0.00014752466391384,3.2709130904378525e-05
1704792960,1.09624,1.09624,1.09604,1.09609,123,0,0,2024-01-09 09:36:00,1.0958706406983627,1.095570897370854,66.84276812939517,0.0001519871879199974,1.9453972860107853e-05
1704793020,1.09609,1.0962,1.09608,1.09609,88,0,0,2024-01-09 09:37:00,1.0958915320604234,1.0955912543367028,66.84276812939518,0.0001497023887828633,8.337705207434249e-06
1704793080,1.09609,1.09615,1.09608,1.09609,74,0,0,2024-01-09 09:38:00,1.0959104337689545,1.0956108129901654,66.84276812939518,0.0001440093610126598,-8.742175827113074e-07
1704793140,1.09609,1.09619,1.09605,1.09616,102,0,0,2024-01-09 09:39:00,1.095934201981435,1.0956323497356493,69.49041366731845,0.00014372297808318618,-3.940400705413694e-06
1704793200,1.09616,1.09618,1.09607,1.09611,91,0,0,2024-01-09 09:40:00,1.0959509446498699,1.095651081118565,65.46904203782924,0.00014131419393437523,-1.0642957569400777e-05
1704793260,1.09611,1.09616,1.09604,1.0961,96,0,0,2024-01-09 09:41:00,1.0959651403975013,1.095668685780582,64.66306938291926,0.00013979175151049986,-1.669639993385512e-05
1704793320,1.0961,1.09617,1.09604,1.09604,111,0,0,2024-01-09 09:42:00,1.0959722698834535,1.09568324712252,59.898372500904706,0.00013909234068833453,-2.517848717245721e-05
1704793380,1.09604,1.09606,1.09593,1.09603,76,0,0,2024-01-09 09:43:00,1.0959777679897913,1.0956968452745781,59.116526351101626,0.0001384428877820223,-3.1489886881820285e-05
1704793440,1.09603,1.09608,1.09595,1.09599,72,0,0,2024-01-09 09:44:00,1.0959789329431444,1.0957083415383202,55.969486265424486,0.00013783982436901812,-3.795264579212177e-05
1704793500,1.09599,1.09605,1.09592,1.09594,107,0,0,2024-01-09 09:45:00,1.0959752250437973,1.0957174261838762,52.226815621852445,0.00013727983691408564,-4.472316009709304e-05
1704793560,1.09594,1.09595,1.09583,1.09584,134,0,0,2024-01-09 09:46:00,1.0959623464681976,1.0957222330001948,45.65171945902479,0.00013604556284878652,-5.442059803597118e-05
1704793620,1.09584,1.0959,1.09579,1.09579,89,0,0,2024-01-09 09:47:00,1.0959459325188454,1.0957248905295989,42.75347715306272,0.00013418516550244851,-6.212930054180522e-05
1704793680,1.09581,1.09585,1.09573,1.0958,109,0,0,2024-01-09 09:48:00,1.0959320341837173,1.0957278359990263,43.52570077346021,0.00013317193939512347,-6.42167342105295e-05
1704793740,1.09579,1.09585,1.09575,1.09584,112,0,0,2024-01-09 09:49:00,1.0959232690233633,1.0957322345873,46.627111944908556,0.00013080251515261386,-6.061054591066489e-05
1704793800,1.09584,1.09595,1.09581,1.09595,87,0,0,2024-01-09 09:50:00,1.095925814830662,1.095740774407406,54.09334470950407,0.00013145947835600065,-4.901936785248622e-05
1704793860,1.09594,1.09604,1.09583,1.09583,105,0,0,2024-01-09 09:51:00,1.0959166896086943,1.0957442734502527,46.45821249387422,0.00013706951561627355,-4.75973192392932e-05
1704793920,1.09583,1.09602,1.09581,1.096,136,0,0,2024-01-09 09:52:00,1.0959246239316758,1.0957543019423996,55.94502008918469,0.00014227883592939997,-3.400802366611718e-05
1704793980,1.096,1.096,1.09587,1.09592,92,0,0,2024-01-09 09:53:00,1.0959241835572304,1.0957607999054428,51.335353326304364,0.00014140177622017037,-2.9381811535481782e-05
1704794040,1.09592,1.09594,1.09583,1.09594,94,0,0,2024-01-09 09:54:00,1.0959256898851133,1.0957678273601312,52.39148346945398,0.00013915879220443195,-2.4167266673854095e-05
1704794100,1.09594,1.09595,1.09577,1.09579,62,0,0,2024-01-09 09:55:00,1.095912767038912,1.0957686968754201,44.577606689920906,0.00014207602133269173,-2.9651242071958837e-05
1704794160,1.09579,1.09581,1.09575,1.09578,80,0,0,2024-01-09 09:56:00,1.0959001225590155,1.0957691401352074,44.105336614680674,0.00013621344838035297,-3.255130953909212e-05
1704794220,1.09578,1.09596,1.09572,1.09573,149,0,0,2024-01-09 09:57:00,1.0958839204105377,1.0957676052279446,41.72507084920231,0.0001436267734960433,-3.615832277871024e-05
1704794280,1.09573,1.09573,1.09558,1.09561,203,0,0,2024-01-09 09:58:00,1.0958578327523913,1.0957614246307703,36.61745329674618,0.0001440820039606184,-4.44041746742026e-05
1704794340,1.09561,1.09573,1.0955300000000001,1.09566,244,0,0,2024-01-09 09:59:00,1.095838991537878,1.0957574471942695,39.917663069735994,0.00014807614653485835,-4.417509064226146e-05
1704794400,1.09566,1.09568,1.09545,1.0955,560,0,0,2024-01-09 10:00:00,1.0958067066295085,1.0957473512258666,33.844740887508834,0.00015392785035379364,-5.194711535621838e-05
1704794460,1.0955,1.09559,1.09545,1.09559,244,0,0,2024-01-09 10:01:00,1.0957860679028888,1.0957411805895583,39.42710486716194,0.0001529330038999533,-4.825384370854331e-05
1704794520,1.09559,1.09565,1.09554,1.09559,99,0,0,2024-01-09 10:02:00,1.0957673947692803,1.0957352519389874,39.42710486716194,0.00014986636076424624,-4.320156329651144e-05
1704794580,1.09559,1.09563,1.09539,1.09539,122,0,0,2024-01-09 10:03:00,1.0957314524103012,1.0957217126472623,32.38430684199827,0.00015630447785251565,-5.022739906923445e-05
1704794640,1.09539,1.09546,1.09528,1.09544,129,0,0,2024-01-09 10:04:00,1.0957036950378916,1.0957106650924677,35.48688717625748,0.00015799701514876944,-4.838636379673628e-05
1704794700,1.09543,1.09545,1.09519,1.09522,174,0,0,2024-01-09 10:05:00,1.0956576288438067,1.0956914233241357,29.149095332098554,0.00016528294263813784,-5.8204742564135385e-05
1704794760,1.09523,1.09532,1.09511,1.09526,155,0,0,2024-01-09 10:06:00,1.095619759430111,1.095674504762405,31.543016355531748,0.00016847701816398826,-5.8091067558058956e-05
1704794820,1.09526,1.09534,1.09493,1.09504,253,0,0,2024-01-09 10:07:00,1.095564544246291,1.095649622222703,26.283003712425327,0.0001857286597237049,-6.821832399311287e-05
1704794880,1.09504,1.0951,1.09498,1.0950199999999999,147,0,0,2024-01-09 10:08:00,1.0955126828895012,1.095624931155146,25.860804330276466,0.0001810337554577187,-7.131449421593012e-05
1704794940,1.0950199999999999,1.0951,1.09494,1.09494,118,0,0,2024-01-09 10:09:00,1.0954581416619296,1.095598071109846,24.187127638041076,0.0001795313443535915,-7.350792912745488e-05
1704795000,1.09494,1.09494,1.09471,1.09472,223,0,0,2024-01-09 10:10:00,1.0953878424560315,1.0955636369486756,20.29688786705033,0.0001831362483283316,-8.378749704721544e-05
1704795060,1.09472,1.09474,1.09435,1.09438,249,0,0,2024-01-09 10:11:00,1.0952918574602188,1.0955172198134335,16.010917123930724,0.00019791223059060167,-0.00010606357554936814
1704795120,1.09438,1.09467,1.09438,1.09457,210,0,0,2024-01-09 10:12:00,1.095223109130674,1.095480073938397,25.480852105175785,0.0002044899284055675,-0.00010062598346264847
1704795180,1.09457,1.09457,1.09447,1.09449,126,0,0,2024-01-09 10:13:00,1.095153289213467,1.0954412475094402,24.241472828388353,0.00019702636209088334,-9.510446937607023e-05
1704795240,1.09449,1.09453,1.09426,1.09427,204,0,0,2024-01-09 10:14:00,1.0950691664312322,1.0953953162345602,21.18920694258921,0.00020223876479867685,-9.853751210903611e-05
1704795300,1.09428,1.09428,1.09393,1.09398,194,0,0,2024-01-09 10:15:00,1.0949654362949244,1.0953398136371264,17.976139821364924,0.00021279313874161782,-0.00011164578135028168
1704795360,1.09399,1.09406,1.09388,1.094,253,0,0,2024-01-09 10:16:00,1.094873489981122,1.0952872719258666,18.88961809613562,0.00021045077168865007,-0.00011009319888988082
1704795420,1.09399,1.09421,1.09399,1.09419,212,0,0,2024-01-09 10:17:00,1.0948083956972057,1.095244241654264,27.185870722311634,0.000211132859425167,-8.833294002981039e-05
1704795480,1.09419,1.09422,1.09405,1.09407,165,0,0,2024-01-09 10:18:00,1.0947380722974718,1.0951981929619399,25.417586162616814,0.0002081947980376553,-7.462975696213804e-05
1704795540,1.09406,1.09425,1.09405,1.09424,90,0,0,2024-01-09 10:19:00,1.0946906368405698,1.095160616767354,32.150568557227274,0.00020760945532067836,-4.801771759027591e-05
1704795600,1.09424,1.09435,1.09419,1.09435,137,0,0,2024-01-09 10:20:00,1.094658195236706,1.0951288278745166,36.166168190983164,0.00020420877994062548,-1.8429321988610778e-05
1704795660,1.09435,1.0944099999999999,1.0943,1.09434,137,0,0,2024-01-09 10:21:00,1.0946278909284484,1.095097893448065,35.95782008991574,0.00019747958137342596,3.8574079408707136e-06
1704795720,1.09434,1.09436,1.09426,1.09429,134,0,0,2024-01-09 10:22:00,1.0945957108400248,1.0950662113520626,34.87596771311566,0.0001905167541324662,1.7837789707918997e-05
1704795780,1.09429,1.0943100000000001,1.09421,1.09424,128,0,0,2024-01-09 10:23:00,1.0945618336171654,1.0950338109068836,33.781413811542436,0.00018405127169444796,2.5838382722600064e-05
1704795840,1.09424,1.0943100000000001,1.09421,1.0943,72,0,0,2024-01-09 10:24:00,1.0945368970821974,1.0950050340085744,36.36242814442543,0.0001780476094305739,3.663260780857022e-05
1704795900,1.0943100000000001,1.0944099999999999,1.09422,1.09437,161,0,0,2024-01-09 10:25:00,1.0945210021219882,1.0949801307141205,39.33335502495693,0.00017890135161409808,4.9166659754235954e-05
1704795960,1.09437,1.0944099999999999,1.09412,1.09414,119,0,0,2024-01-09 10:26:00,1.0944847162056084,1.094947184411606,33.75693090543942,0.00018683696935594118,4.287678584646479e-05
1704796020,1.09414,1.09414,1.094,1.09407,209,0,0,2024-01-09 10:27:00,1.0944452194241219,1.0949127850229157,32.25798180822119,0.00018349147154478874,3.52312668207204e-05
1704796080,1.09408,1.09414,1.09401,1.09405,154,0,0,2024-01-09 10:28:00,1.0944075794789674,1.0948789503161347,31.823187108332803,0.00017967065214872979,3.0247430446299546e-05
1704796140,1.09407,1.09407,1.0939,1.09405,200,0,0,2024-01-09 10:29:00,1.0943735242904942,1.0948464424606001,31.823187108332803,0.00017897989128096362,2.8400559394524882e-05
1704796200,1.09405,1.0943100000000001,1.09405,1.09428,248,0,0,2024-01-09 10:30:00,1.094364617215209,1.0948242290307728,42.21171604837757,0.00018476704190376257,4.323002552469575e-05
1704796260,1.09427,1.09437,1.09421,1.09436,149,0,0,2024-01-09 10:31:00,1.0943641774804271,1.0948060239707424,45.332022167984015,0.00018299796748207667,5.806333206152857e-05
1704796320,1.09436,1.09436,1.09421,1.09429,84,0,0,2024-01-09 10:32:00,1.0943571129584817,1.0947857877365959,43.1371867502129,0.00018064096980479222,6.24164715999579e-05
1704796380,1.09428,1.0944099999999999,1.09422,1.09433,122,0,0,2024-01-09 10:33:00,1.0943545307719598,1.0947679137077098,44.78239569545601,0.00018130947196158653,6.685032998620809e-05
1704796440,1.09433,1.09451,1.0943,1.09448,144,0,0,2024-01-09 10:34:00,1.0943664802222492,1.0947566229740742,50.55927747246152,0.0001833587953929049,7.796992879453797e-05
1704796500,1.09447,1.09453,1.09438,1.09446,143,0,0,2024-01-09 10:35:00,1.0943753868677493,1.094744990700581,49.810996724416576,0.00018097602429341844,8.167040034304758e-05
1704796560,1.09446,1.09459,1.09437,1.09445,161,0,0,2024-01-09 10:36:00,1.0943824928803445,1.0947334224378134,49.41717801759604,0.00018376345112959476,8.097875509974065e-05
1704796620,1.09444,1.09447,1.09427,1.09444,211,0,0,2024-01-09 10:37:00,1.0943879697488832,1.0947219156755463,48.999970989353045,0.0001849232046203364,7.73859063642346e-05
1704796680,1.09444,1.09448,1.09427,1.09446,160,0,0,2024-01-09 10:38:00,1.094394829772799,1.0947116444725837,49.910790925166324,0.0001867144042902996,7.390113433322211e-05
1704796740,1.09446,1.09451,1.0943,1.09433,163,0,0,2024-01-09 10:39:00,1.094388655508723,1.0946966780226786,44.36457844403933,0.00018837766112670987,6.092569498867493e-05
1704796800,1.09433,1.0944099999999999,1.09423,1.09434,150,0,0,2024-01-09 10:40:00,1.0943840216507494,1.0946826906492404,44.87205407674042,0.00018777925676050536,5.147749415984124e-05
1704796860,1.09434,1.09437,1.09418,1.09436,123,0,0,2024-01-09 10:41:00,1.0943817338744877,1.094670036113976,45.934240624325085,0.0001879378812776217,4.525623741433334e-05
1704796920,1.09436,1.09455,1.09436,1.09446,196,0,0,2024-01-09 10:42:00,1.094389187791203,1.094661799403624,51.01625256185034,0.00018808517547207104,4.638596024893047e-05
1704796980,1.09446,1.09452,1.09437,1.0945,139,0,0,2024-01-09 10:43:00,1.094399741334898,1.0946554543289722,52.922466958412045,0.0001853648057954854,4.812912991903778e-05
1704797040,1.0945,1.09464,1.09448,1.09456,109,0,0,2024-01-09 10:44:00,1.0944150040649077,1.0946517110219536,55.706869710336264,0.00018355303395296217,5.133207360011567e-05
1704797100,1.09456,1.09476,1.09455,1.09475,106,0,0,2024-01-09 10:45:00,1.0944469084396784,1.094655565491681,63.14126740002838,0.00018544210295632512,6.346137186785864e-05
1704797160,1.09475,1.09484,1.09463,1.0948,94,0,0,2024-01-09 10:46:00,1.094480536207328,1.0946612295900464,64.81493371569317,0.00018719623845944787,7.14705841624601e-05
1704797220,1.09481,1.09481,1.0947,1.09472,73,0,0,2024-01-09 10:47:00,1.0945033422828205,1.0946635343120055,60.1117442563383,0.00018168222142663407,6.8018358030565e-05
1704797280,1.09472,1.09478,1.09466,1.09471,126,0,0,2024-01-09 10:48:00,1.0945230239701709,1.0946653564958484,59.53024421068646,0.00017727634846759734,6.18755046069107e-05
1704797340,1.09471,1.09474,1.09467,1.09471,62,0,0,2024-01-09 10:49:00,1.094540831211107,1.0946671072215015,59.53024421068646,0.00016961375214848427,5.486538649695739e-05
1704797400,1.09471,1.09485,1.09468,1.09478,139,0,0,2024-01-09 10:50:00,1.0945636091910016,1.0946715343892857,62.47707069903052,0.00016964134128073563,5.2021352811812624e-05
1704797460,1.09478,1.09498,1.09478,1.09491,98,0,0,2024-01-09 10:51:00,1.0945965987918587,1.0946808859818629,67.24693404287484,0.00017180981690353866,5.5648121721956373e-05
1704797520,1.0949200000000001,1.0949200000000001,1.09476,1.0949,132,0,0,2024-01-09 10:52:00,1.094625494145015,1.0946894786884567,66.54616714446777,0.00017096625855329733,5.4079236859094006e-05
1704797580,1.0949,1.09494,1.09483,1.09494,110,0,0,2024-01-09 10:53:00,1.094655447083585,1.0946993030536152,67.98338048649032,0.00016661152579949427,5.240368607568096e-05
1704797640,1.09493,1.09501,1.09487,1.09498,149,0,0,2024-01-09 10:54:00,1.0946863568851484,1.0947103107770029,69.39915303698498,0.00016471070252810387,5.0629675699780775e-05
1704797700,1.09499,1.09507,1.09487,1.09488,149,0,0,2024-01-09 10:55:00,1.0947047990865628,1.0947169652563362,62.0159303377331,0.00016723136663323774,3.9837081107560424e-05
1704797760,1.09487,1.09495,1.0947,1.09486,232,0,0,2024-01-09 10:56:00,1.0947195801259377,1.0947225744619702,60.62671204644784,0.00017314341187372673,2.897219462925757e-05
1704797820,1.09486,1.09503,1.09485,1.09496,123,0,0,2024-01-09 10:57:00,1.0947424772568008,1.094731885267383,64.86475107736592,0.0001736331681684496,2.62236384659484e-05
1704797880,1.09495,1.09513,1.09495,1.09511,96,0,0,2024-01-09 10:58:00,1.0947774794228198,1.094746713296113,70.06902426981739,0.00017408794187069224,3.183743897486548e-05
1704797940,1.09511,1.09519,1.09499,1.095,184,0,0,2024-01-09 10:59:00,1.0947986718587417,1.0947566461080303,62.73090578984977,0.00017593880316565708,2.5733161384812854e-05
1704798000,1.095,1.09507,1.09485,1.0949200000000001,146,0,0,2024-01-09 11:00:00,1.094810226919814,1.0947630521430094,57.975524737792405,0.0001790860315109592,1.4460094611960268e-05
1704798060,1.09491,1.09504,1.09485,1.0949,131,0,0,2024-01-09 11:01:00,1.0948187767369744,1.0947684226472052,56.81595004196571,0.00017986560068874156,4.3343860520590706e-06
1704798120,1.0949,1.09497,1.09487,1.09495,80,0,0,2024-01-09 11:02:00,1.094831274190596,1.0947755433277069,59.022550274820304,0.00017416091492525922,-8.401670880199324e-08
1704798180,1.09495,1.09498,1.09486,1.09488,168,0,0,2024-01-09 11:03:00,1.0948359147438724,1.094779639667797,54.80073350532338,0.00017029227814489213,-8.351498956829604e-06
1704798240,1.09488,1.09496,1.09486,1.09494,191,0,0,2024-01-09 11:04:00,1.0948458276254083,1.0947859283082755,57.60024739250719,0.0001652714011345419,-1.0282783525987846e-05
1704798300,1.09494,1.09495,1.09481,1.09491,141,0,0,2024-01-09 11:05:00,1.0948519392801312,1.0947907938648138,55.74123405267575,0.00016346630105350526,-1.3861574213963889e-05
1704798360,1.09491,1.0949200000000001,1.09484,1.09489,88,0,0,2024-01-09 11:06:00,1.094855564110595,1.094794684301488,54.47888405185555,0.00015750442240683202,-1.761561372855459e-05
1704798420,1.09488,1.09493,1.09474,1.09475,90,0,0,2024-01-09 11:07:00,1.0948455103857764,1.0947929319759395,46.53448828526903,0.00015982553509205204,-2.8900672968891616e-05
1704798480,1.09475,1.09477,1.09461,1.0947,130,0,0,2024-01-09 11:08:00,1.0948316522537977,1.0947892875847263,44.063135644768884,0.00015983799687118678,-3.8504987797242205e-05
1704798540,1.0947,1.09471,1.09457,1.09459,137,0,0,2024-01-09 11:09:00,1.094808637753436,1.0947814723853253,39.13852805674931,0.0001584209970946755,-5.0293669708801315e-05
1704798600,1.09457,1.09461,1.09427,1.0943100000000001,190,0,0,2024-01-09 11:10:00,1.094761148443585,1.0947629832721755,29.95975685304522,0.00017139092587362776,-7.356786180648321e-05
1704798660,1.0943100000000001,1.09437,1.09424,1.09429,186,0,0,2024-01-09 11:11:00,1.0947162771632437,1.0947444349085609,29.42886001001621,0.00016843443116836603,-8.606060893827594e-05
1704798720,1.09429,1.0944099999999999,1.09422,1.09422,139,0,0,2024-01-09 11:12:00,1.0946690126715062,1.0947238688337153,27.58631431819198,0.0001699748289420479,-9.413559844370268e-05
1704798780,1.09423,1.09426,1.0939,1.09407,396,0,0,2024-01-09 11:13:00,1.0946119638456484,1.0946982269186676,24.103692559914563,0.00018354805544618132,-0.00010390917779658758
1704798840,1.09406,1.0941,1.0937999999999999,1.09386,204,0,0,2024-01-09 11:14:00,1.094540348241301,1.0946653552747982,20.249453453214798,0.0001918660514857533,-0.00011782728297317504
1704798900,1.09385,1.09403,1.09382,1.09402,139,0,0,2024-01-09 11:15:00,1.094490791265939,1.0946400472248063,29.499287700960636,0.00019316133352248832,-0.00010973239874695456
1704798960,1.09402,1.09426,1.09402,1.09425,152,0,0,2024-01-09 11:16:00,1.094467858764421,1.094624751255206,40.23099554747325,0.00019650695255659758,-8.354720763255146e-05
1704799020,1.09425,1.09433,1.09416,1.0943100000000001,128,0,0,2024-01-09 11:17:00,1.094452824596381,1.0946124080687274,42.682164330769204,0.00019461359880255515,-5.8054615477730234e-05
1704799080,1.0943100000000001,1.09433,1.09422,1.09425,117,0,0,2024-01-09 11:18:00,1.0944335079681542,1.0945981959876008,40.87682424182733,0.00018856977031666224,-4.18582961848634e-05
1704799140,1.09424,1.09433,1.09415,1.09418,176,0,0,2024-01-09 11:19:00,1.0944093643521395,1.0945817961449498,38.81413421476061,0.000187957643865477,-3.288051155730091e-05
1704799200,1.09419,1.09423,1.09412,1.09414,133,0,0,2024-01-09 11:20:00,1.0943837106043168,1.094564470805932,37.645139972567144,0.00018238924073223255,-2.6908323665823927e-05
1704799260,1.09414,1.09419,1.09383,1.09387,186,0,0,2024-01-09 11:21:00,1.094334785784858,1.09453723665668,30.883686545745434,0.00019507572353706708,-3.774979070360183e-05
1704799320,1.09386,1.09409,1.09384,1.09402,133,0,0,2024-01-09 11:22:00,1.0943048061863,1.094516952866222,37.590190428637435,0.00019899888614156825,-3.1671945087206996e-05
1704799380,1.09402,1.09403,1.09382,1.09396,199,0,0,2024-01-09 11:23:00,1.0942719675018906,1.0944951115773505,36.082017629068126,0.0001997846799886022,-2.8637535423364855e-05
1704799440,1.09396,1.09402,1.09382,1.09387,184,0,0,2024-01-09 11:24:00,1.0942336848826628,1.0944705973978466,33.885824266259405,0.00019980005998941475,-2.951902040057691e-05
1704799500,1.09387,1.09422,1.09383,1.09415,240,0,0,2024-01-09 11:25:00,1.0942257148938377,1.0944580249508722,45.08467645028119,0.000213385769990163,-9.128887945376418e-06
1704799560,1.09414,1.09429,1.0941,1.09427,173,0,0,2024-01-09 11:26:00,1.094229932522996,1.094450651423387,49.066570856916314,0.00021171535784800225,1.333497815208341e-05
1704799620,1.09427,1.09427,1.09416,1.09419,86,0,0,2024-01-09 11:27:00,1.094226129425568,1.0944404297989405,46.638644358716085,0.0002044499751445774,2.3127101464609132e-05
1704799680,1.09419,1.09426,1.09415,1.09421,115,0,0,2024-01-09 11:28:00,1.0942245932897996,1.0944313933362368,47.34018661549903,0.00019770354834854005,3.079255764667246e-05
1704799740,1.09421,1.09421,1.094,1.09406,188,0,0,2024-01-09 11:29:00,1.0942089177383902,1.0944168288916787,42.79581130217985,0.00019858186632363157,2.5804038875658835e-05
1704799800,1.09406,1.09406,1.09389,1.09396,190,0,0,2024-01-09 11:30:00,1.094185211287115,1.0943989140331816,40.03654127902056,0.00019654030444337243,1.6277830715884353e-05
1704799860,1.09396,1.09409,1.09392,1.09401,140,0,0,2024-01-09 11:31:00,1.094168524497866,1.0943836625024685,42.04846974293854,0.00019464456841170323,1.3942415433813133e-05
1704799920,1.09401,1.09428,1.09401,1.09423,133,0,0,2024-01-09 11:32:00,1.094174379307593,1.0943776365219795,49.99814417466236,0.00020002709923943817,2.7053701410715804e-05
1704799980,1.09423,1.0944099999999999,1.09418,1.09433,161,0,0,2024-01-09 11:33:00,1.0941892003259175,1.0943757684230784,53.14449441914241,0.00020216802072233205,4.1439584692478415e-05
1704800040,1.09432,1.0944099999999999,1.09423,1.0943100000000001,99,0,0,2024-01-09 11:34:00,1.0942007050567826,1.0943731892692323,52.433858041956,0.00020058459067072597,4.81176602442506e-05
1704800100,1.0943100000000001,1.09432,1.0942,1.09422,146,0,0,2024-01-09 11:35:00,1.0942025426704223,1.0943671818469094,49.2428387240044,0.00019482854847995256,4.5037649132408425e-05
1704800160,1.09423,1.09433,1.09417,1.0943100000000001,164,0,0,2024-01-09 11:36:00,1.0942127767018106,1.0943649394215405,52.36481878132649,0.00019234079501709436,4.73874471924343e-05
1704800220,1.0943,1.09451,1.0943,1.09451,148,0,0,2024-01-09 11:37:00,1.0942410836825907,1.094370628071676,58.4769689666029,0.00019360216680159074,5.992930159324428e-05
1704800280,1.09451,1.09453,1.09437,1.0944099999999999,138,0,0,2024-01-09 11:38:00,1.0942571709509155,1.0943721720688653,54.69784531840635,0.00019120201203004413,5.89199845771498e-05
1704800340,1.0944,1.09449,1.0944,1.09446,85,0,0,2024-01-09 11:39:00,1.0942764880032092,1.0943756163014589,56.221280532002126,0.0001839732968850355,5.890832492229365e-05
1704800400,1.09446,1.09451,1.09434,1.0944099999999999,87,0,0,2024-01-09 11:40:00,1.094289203431475,1.0943769646817938,54.25637974419249,0.00018297520425039035,5.300655842185296e-05
1704800460,1.0944099999999999,1.0944099999999999,1.09414,1.09414,123,0,0,2024-01-09 11:41:00,1.0942749935808584,1.0943676719491744,45.09174117172857,0.00018919126108964766,2.956166870419875e-05
1704800520,1.09414,1.09421,1.09403,1.09405,150,0,0,2024-01-09 11:42:00,1.0942535656207766,1.0943552142256774,42.51388461105344,0.0001885347424403762,7.769911545395223e-06
1704800580,1.09404,1.09416,1.09403,1.09416,143,0,0,2024-01-09 11:43:00,1.0942446546092741,1.0943475587658469,46.536891775360466,0.00018435368940891817,9.02489330830683e-07
1704800640,1.09415,1.09419,1.09409,1.09415,118,0,0,2024-01-09 11:44:00,1.0942356398845814,1.0943398113632647,46.220218194301665,0.00017832842587970892,-3.910823866875483e-06
1704800700,1.09415,1.09418,1.09409,1.09415,120,0,0,2024-01-09 11:45:00,1.0942274837050974,1.0943323677803918,46.220218194301665,0.00017201925260258138,-6.5372492991450434e-06
1704800760,1.09415,1.09423,1.09411,1.09418,89,0,0,2024-01-09 11:46:00,1.094222961447469,1.0943263925733178,47.464050038213045,0.0001683035917024056,-5.725864657729866e-06
1704800820,1.09418,1.09437,1.09415,1.0943,171,0,0,2024-01-09 11:47:00,1.0942302984524719,1.0943253575704426,52.223947261696644,0.0001719961922950987,2.9543787601358472e-06
1704800880,1.0943,1.09433,1.09425,1.09426,101,0,0,2024-01-09 11:48:00,1.0942331271712842,1.0943227945284644,50.578916820716834,0.00016542503570259737,5.8940778729271295e-06
1704800940,1.09424,1.0943100000000001,1.09416,1.09428,158,0,0,2024-01-09 11:49:00,1.0942375912502096,1.094321116311662,51.40318164996595,0.00016432324743813285,8.897237176201022e-06
1704801000,1.09427,1.09436,1.09418,1.09421,191,0,0,2024-01-09 11:50:00,1.0942349635120943,1.0943167588092437,48.362862103712175,0.00016544301547827115,6.0188731773475475e-06
1704801060,1.09421,1.09428,1.09408,1.0941,179,0,0,2024-01-09 11:51:00,1.0942221098442757,1.094308258463783,43.96247674680037,0.00016791137151553592,-2.9614518683209398e-06
1704801120,1.0941,1.0942,1.09404,1.0942,125,0,0,2024-01-09 11:52:00,1.094220004144821,1.094304013033831,48.545907143012045,0.00016734627355015192,-1.8871452554673297e-06
1704801180,1.0942,1.09427,1.09404,1.09426,141,0,0,2024-01-09 11:53:00,1.0942238132738855,1.0943022870325043,51.12876754205188,0.00017182153972515355,2.884487395370765e-06
1704801240,1.09426,1.0943100000000001,1.0942,1.09429,87,0,0,2024-01-09 11:54:00,1.0942301167716106,1.0943018051880924,52.414960506121865,0.00016740571545907504,7.802291264615255e-06
1704801300,1.09429,1.0943,1.0942,1.09421,88,0,0,2024-01-09 11:55:00,1.0942282008886,1.0942982049846377,48.73181528250185,0.00016259102149771175,5.5161869967714485e-06
1704801360,1.09421,1.09442,1.09415,1.0944,123,0,0,2024-01-09 11:56:00,1.0942445627087332,1.0943021969460245,56.54230957520596,0.0001702630913907318,1.6052850759636406e-05
1704801420,1.0944,1.09443,1.09437,1.09437,40,0,0,2024-01-09 11:57:00,1.0942565091174252,1.0943048558893176,55.114568904857904,0.00016238715629139015,1.9997754046189568e-05
1704801480,1.09437,1.09437,1.09424,1.09426,89,0,0,2024-01-09 11:58:00,1.0942568415824323,1.0943030968348346,50.11743762257871,0.00016007378798485968,1.4453279189237762e-05
1704801540,1.09426,1.09442,1.09426,1.0944099999999999,108,0,0,2024-01-09 11:59:00,1.0942714280983912,1.0943072891158214,55.978810794917614,0.00016006851741450813,1.9811347131148147e-05
1704801600,1.09442,1.0946,1.09435,1.09436,200,0,0,2024-01-09 12:00:00,1.094279863517592,1.0943093562093185,53.71315110553777,0.00016649219474204922,1.89133520755196e-05
1704801660,1.09435,1.09446,1.09427,1.09427,81,0,0,2024-01-09 12:01:00,1.0942789241349644,1.0943078128285608,49.80558575267348,0.00016817132368903947,1.1545438410045438e-05
1704801720,1.09427,1.09428,1.09406,1.09421,131,0,0,2024-01-09 12:02:00,1.0942723599316344,1.0943039770313623,47.333369458834255,0.00017187337199695715,2.396758837141568e-06
1704801780,1.0942,1.09426,1.09418,1.09421,103,0,0,2024-01-09 12:03:00,1.0942664208905264,1.0943002916575832,47.333369458834255,0.0001653109882828945,-3.5648842756245887e-06
1704801840,1.09421,1.09429,1.09415,1.09417,95,0,0,2024-01-09 12:04:00,1.0942572379485715,1.0942951821808153,45.583932455130316,0.0001635030605484041,-9.761016955480145e-06
1704801900,1.09417,1.0942,1.09411,1.09419,119,0,0,2024-01-09 12:05:00,1.0942508343344217,1.094291057389411,46.645761260470685,0.0001582528419378142,-1.1928004478615412e-05
1704801960,1.09419,1.09426,1.09411,1.09418,135,0,0,2024-01-09 12:06:00,1.0942440882073339,1.0942867021976694,46.16074660545916,0.00015766335322797706,-1.3343348387658334e-05
1704802020,1.09418,1.09421,1.09392,1.09393,152,0,0,2024-01-09 12:07:00,1.0942141750447307,1.094272713876192,36.06473005251764,0.00016711597085454307,-2.9499209100786456e-05
1704802080,1.09393,1.09394,1.09368,1.09369,92,0,0,2024-01-09 12:08:00,1.0941642536118992,1.0942498623516355,29.41377626184456,0.00017375054436492761,-5.3341811957890114e-05
1704802140,1.0937000000000001,1.09383,1.09369,1.09381,130,0,0,2024-01-09 12:09:00,1.0941305151726708,1.0942326128476498,35.78993395003222,0.0001713397911960063,-5.7656511480143455e-05
1704802200,1.09382,1.09382,1.09365,1.09379,158,0,0,2024-01-09 12:10:00,1.0940980851562259,1.0942152554810753,35.21891760723892,0.00017124409182486325,-5.830837791415476e-05
1704802260,1.09379,1.09392,1.09375,1.09386,115,0,0,2024-01-09 12:11:00,1.0940754103794426,1.0942013238935822,38.89365793789749,0.00017115522812308757,-5.075379328221271e-05
1704802320,1.09385,1.09406,1.09383,1.09402,105,0,0,2024-01-09 12:12:00,1.094070133200448,1.0941942131526574,46.380638714633605,0.00017535842611429218,-3.2592320012343436e-05
1704802380,1.09402,1.09402,1.09381,1.09385,99,0,0,2024-01-09 12:13:00,1.0940491681337388,1.0941807145976512,40.677795153865695,0.0001778328242489887,-2.972025344276293e-05
1704802440,1.09385,1.09385,1.0936,1.09367,108,0,0,2024-01-09 12:14:00,1.0940130568829065,1.094160686574214,35.675866119950314,0.00018298762251692404,-3.715228743213995e-05
1704802500,1.09367,1.09383,1.09366,1.09369,167,0,0,2024-01-09 12:15:00,1.093982289560725,1.094142228277186,36.608589175867884,0.00018205993519428685,-3.780492218409873e-05
1704802560,1.0937000000000001,1.09392,1.0937000000000001,1.09387,166,0,0,2024-01-09 12:16:00,1.0939715953168463,1.094131552658473,44.419921482556106,0.00018548422553754865,-2.387715736490705e-05
1704802620,1.09388,1.09393,1.09386,1.09386,69,0,0,2024-01-09 12:17:00,1.0939609671914323,1.0941209035346113,44.09483820628331,0.00017723535228486765,-1.3611732263865052e-05
1704802680,1.09386,1.09393,1.09383,1.09392,136,0,0,2024-01-09 12:18:00,1.093957065554153,1.0941130249646265,46.61912371437039,0.00017171854140737633,-1.6816609353770523e-06
1704802740,1.09392,1.09405,1.09387,1.09397,168,0,0,2024-01-09 12:19:00,1.0939582974061384,1.0941074161424842,48.69798000617233,0.00017231007416399722,1.0032040553844084e-05
1704802800,1.09397,1.09401,1.09387,1.09396,104,0,0,2024-01-09 12:20:00,1.0939584595579348,1.0941016351172888,48.29290376807917,0.00017000221172371377,1.714414915260285e-05
1704802860,1.09396,1.09404,1.0939,1.09401,115,0,0,2024-01-09 12:21:00,1.093963368171465,1.0940980415832775,50.509576988590155,0.00016785919660057758,2.4789224835907646e-05
1704802920,1.09402,1.09403,1.09393,1.09394,84,0,0,2024-01-09 12:22:00,1.0939611426313254,1.0940918438741294,47.44311596333735,0.00016301211112910695,2.4652967146074402e-05
1704802980,1.09393,1.09407,1.09393,1.09407,120,0,0,2024-01-09 12:23:00,1.0939715099997704,1.0940909872516145,53.13367126161592,0.00016136838890560138,3.235400696557594e-05
1704803040,1.09406,1.09419,1.09401,1.09402,108,0,0,2024-01-09 12:24:00,1.0939761280950304,1.0940882034378256,50.85304893920464,0.00016269921826949193,3.300269098380508e-05
1704803100,1.09401,1.09444,1.09401,1.09443,127,0,0,2024-01-09 12:25:00,1.094019353990742,1.0941016072245777,64.36140853907344,0.00018179213125025338,5.8477995472274846e-05
1704803160,1.09443,1.09466,1.0944099999999999,1.09466,149,0,0,2024-01-09 12:26:00,1.0940803678963855,1.0941235049804765,69.43643895124153,0.00018666412187524125,8.655822447464178e-05
1704803220,1.09465,1.09482,1.09461,1.09463,139,0,0,2024-01-09 12:27:00,1.0941327138110155,1.0941433675302616,68.07473659296188,0.00018833097031271126,9.800928139697768e-05
1704803280,1.09463,1.09472,1.09458,1.09465,170,0,0,2024-01-09 12:28:00,1.0941819791623473,1.0941632354702513,68.51798853464413,0.00018487875814750382,0.00010140471230771175
1704803340,1.09465,1.09466,1.09456,1.09461,142,0,0,2024-01-09 12:29:00,1.0942227430516476,1.0941807556478886,66.5285127765867,0.00017881598970839562,9.551285711826249e-05
1704803400,1.09461,1.09463,1.09425,1.09426,162,0,0,2024-01-09 12:30:00,1.094226291332443,1.09418386326954,52.236307306487234,0.00019318627615779927,6.410760280564501e-05
1704803460,1.09425,1.0944,1.09425,1.09439,173,0,0,2024-01-09 12:31:00,1.0942418826341151,1.0941919470628914,56.01591712283781,0.00019010154214653464,4.884372396285362e-05
1704803520,1.09439,1.09446,1.09432,1.09442,120,0,0,2024-01-09 12:32:00,1.094258846192771,1.094200890315327,56.864216885463826,0.00018652286056464139,3.800401319695633e-05
1704803580,1.09442,1.09453,1.09433,1.09451,140,0,0,2024-01-09 12:33:00,1.0942827656029832,1.0942130122637457,59.39436556903133,0.00018748551338145113,3.424796181679495e-05
1704803640,1.09451,1.09468,1.0945,1.09466,128,0,0,2024-01-09 12:34:00,1.0943186926884134,1.0942305411945792,63.26209573182484,0.00018695083385420955,3.8879711122830806e-05
1704803700,1.09466,1.0947,1.09455,1.09456,113,0,0,2024-01-09 12:35:00,1.094341674337136,1.094243461147733,59.212805291658974,0.0001843114885789156,3.24829367674179e-05
1704803760,1.09455,1.09458,1.09429,1.0944099999999999,146,0,0,2024-01-09 12:36:00,1.094348181543123,1.094249992083116,53.66405962301753,0.00019186066796614474,1.6244108546395805e-05
1704803820,1.0944,1.09472,1.09438,1.09471,97,0,0,2024-01-09 12:37:00,1.094382640443778,1.0942680316092683,61.44563331683577,0.0002024420488257063,2.3368662952185916e-05
1704803880,1.09472,1.09473,1.09463,1.09466,121,0,0,2024-01-09 12:38:00,1.0944090556396087,1.0942834029187087,59.647687910939354,0.00019512475962386934,2.2374007803735752e-05
1704803940,1.09465,1.09468,1.09456,1.0946,136,0,0,2024-01-09 12:39:00,1.0944272408167888,1.0942958184905243,57.47435859480532,0.00018975870536503008,1.565335934058411e-05
1704804000,1.0946,1.09463,1.09447,1.0946,159,0,0,2024-01-09 12:40:00,1.0944436940723328,1.0943077471771705,57.47435859480532,0.0001876330835532378,9.489459353480197e-06
1704804060,1.09459,1.09462,1.09449,1.09459,135,0,0,2024-01-09 12:41:00,1.0944576279702058,1.0943188159153208,57.0724047266647,0.00018351643472800392,3.337835312017186e-06
1704804120,1.09459,1.09464,1.09446,1.09447,127,0,0,2024-01-09 12:42:00,1.0944588062587577,1.0943247447029554,52.341799992328085,0.00018326526081886572,-9.511166728795101e-06
1704804180,1.09448,1.09458,1.0944099999999999,1.09448,165,0,0,2024-01-09 12:43:00,1.0944608247103045,1.094330833145977,52.693694879017514,0.00018231774218896286,-1.7566415461740153e-05
1704804240,1.09447,1.09447,1.09406,1.09409,266,0,0,2024-01-09 12:44:00,1.0944255080712277,1.0943213887088796,40.22062345226291,0.000199295046318313,-4.768179115556995e-05
1704804300,1.09409,1.09417,1.09404,1.09415,146,0,0,2024-01-09 12:45:00,1.0943992692073012,1.0943146675830413,42.4765802600488,0.00019434540015273247,-6.121870413064249e-05
1704804360,1.09415,1.09416,1.09393,1.09398,118,0,0,2024-01-09 12:46:00,1.094359338806606,1.0943015433640986,38.09048322301142,0.00019689215728467676,-7.819346337265397e-05
1704804420,1.09398,1.094,1.09362,1.09363,187,0,0,2024-01-09 12:47:00,1.0942898779678816,1.0942752083302125,30.994439482314505,0.00020997128890720321,-0.00010774211389124363
1704804480,1.09363,1.09366,1.09335,1.09354,225,0,0,2024-01-09 12:48:00,1.0942184610185595,1.0942463766309884,29.473903814587302,0.0002171161968424053,-0.0001267846881141058
1704804540,1.09352,1.09371,1.09345,1.09366,172,0,0,2024-01-09 12:49:00,1.094165274254887,1.0942233814689888,34.115022226072355,0.00022017932563937113,-0.00012455333669229623
1704804600,1.09366,1.0937000000000001,1.09354,1.09356,137,0,0,2024-01-09 12:50:00,1.094107629087755,1.0941973665094207,32.21262022693551,0.0002158808023794275,-0.00012286087574050293
1704804660,1.09355,1.09356,1.09344,1.09345,69,0,0,2024-01-09 12:51:00,1.094044997746064,1.0941680580188553,30.216536791409865,0.00020903217363804838,-0.00012195305434505274
1704804720,1.09345,1.09351,1.09343,1.09345,73,0,0,2024-01-09 12:52:00,1.093988331294058,1.094139898880861,30.216536791409865,0.00019981558980676492,-0.00011428672062089498
1704804780,1.09345,1.09345,1.09327,1.09327,146,0,0,2024-01-09 12:53:00,1.0939199187898618,1.0941057851992586,27.03702311622051,0.00019840019053485807,-0.00011401286111845696
1704804840,1.09327,1.09349,1.09324,1.09349,110,0,0,2024-01-09 12:54:00,1.0938789741432084,1.094081636760072,35.91308345504612,0.0002020858912109456,-9.259989350943109e-05
1704804900,1.09349,1.09355,1.09336,1.09337,129,0,0,2024-01-09 12:55:00,1.0938305004152837,1.0940537294361476,33.51790531484396,0.0002012226132673004,-8.054679742681639e-05
1704804960,1.09337,1.09354,1.09328,1.09354,95,0,0,2024-01-09 12:56:00,1.0938028337090662,1.0940335831837498,39.657770503986825,0.00020542099803391657,-5.630142574824807e-05
1704805020,1.09354,1.09361,1.09346,1.09353,101,0,0,2024-01-09 12:57:00,1.0937768495462978,1.0940138348236026,39.42710386901542,0.00020146235531719913,-3.704401152604175e-05
1704805080,1.09353,1.09356,1.09341,1.09354,135,0,0,2024-01-09 12:58:00,1.0937542924466503,1.0939952530658144,39.80416141544081,0.0001977864727945488,-2.056167380768236e-05
1704805140,1.09354,1.09357,1.09348,1.09355,71,0,0,2024-01-09 12:59:00,1.0937348360231598,1.0939777921612726,40.20500855593718,0.00019008743902350415,-6.635867444940375e-06
1704805200,1.09355,1.0936,1.09338,1.09339,91,0,0,2024-01-09 13:00:00,1.0937019944971444,1.0939547414882815,36.06669550872983,0.0001922240505218172,-5.876337553145818e-06
1704805260,1.0934,1.09359,1.09336,1.09346,114,0,0,2024-01-09 13:01:00,1.0936789474021784,1.09393533986129,39.02379744866881,0.0001949223326273983,1.2824655475095247e-06
1704805320,1.09345,1.09346,1.09334,1.09337,97,0,0,2024-01-09 13:02:00,1.093649523840066,1.0939131696706512,36.67503632737857,0.00018957073743973557,1.8631836240742307e-06
1704805380,1.09337,1.0934,1.09326,1.09335,93,0,0,2024-01-09 13:03:00,1.0936209977600597,1.0938910845855276,36.15427213696446,0.00018602997047975652,2.753433139819969e-06
1704805440,1.09335,1.09353,1.09334,1.09351,110,0,0,2024-01-09 13:04:00,1.0936104265448159,1.0938761400919774,43.113405599689465,0.00018631354401691053,1.527192647054725e-05
1704805500,1.09351,1.09357,1.09346,1.09347,96,0,0,2024-01-09 13:05:00,1.0935970525881666,1.093860213029547,41.88427228692987,0.00018086257658711923,2.162419706852359e-05
1704805560,1.09347,1.09353,1.0934,1.09344,138,0,0,2024-01-09 13:06:00,1.0935820951988175,1.0938437340872118,40.94152217712636,0.00017722953540232238,2.4367492914832126e-05
1704805620,1.09343,1.09344,1.09327,1.09329,144,0,0,2024-01-09 13:07:00,1.093554276608454,1.0938220190249683,36.51582747532981,0.00017671314001644245,1.6991287099300063e-05
1704805680,1.09329,1.09337,1.09327,1.09331,131,0,0,2024-01-09 13:08:00,1.0935310121695536,1.0938019398475187,37.486152243077136,0.0001712336300152672,1.4469322855595313e-05
1704805740,1.09331,1.09338,1.09329,1.09334,105,0,0,2024-01-09 13:09:00,1.093512820534358,1.093783824559381,38.992451189255156,0.00016543122787131406,1.572730684436198e-05
1704805800,1.09334,1.09334,1.0931,1.09311,175,0,0,2024-01-09 13:10:00,1.093474456673943,1.0937574000668562,32.522386624040706,0.00017075756873765005,2.660105250173599e-06
1704805860,1.09312,1.09322,1.09304,1.09322,211,0,0,2024-01-09 13:11:00,1.093450222704996,1.0937363255544303,37.835172839135375,0.00017141774239925138,2.9911019372349515e-06
1704805920,1.09321,1.09322,1.09306,1.09308,130,0,0,2024-01-09 13:12:00,1.0934149633997583,1.0937105872973938,34.14988123037453,0.00017060218937074487,-4.258754932891657e-06
1704805980,1.09308,1.09317,1.09303,1.09308,143,0,0,2024-01-09 13:13:00,1.0933830621235907,1.0936858583837705,34.14988123037453,0.00016841631870140802,-6.935914972109648e-06
1704806040,1.09308,1.0930900000000001,1.09302,1.09308,98,0,0,2024-01-09 13:14:00,1.093354199064201,1.0936620992314658,34.14988123037453,0.00016138658165130846,-6.590847719121899e-06
1704806100,1.09308,1.09337,1.09308,1.09323,129,0,0,2024-01-09 13:15:00,1.093342370581896,1.0936451541635652,41.74332997884614,0.00017057325439049368,5.2180755023746735e-06
1704806160,1.09324,1.09326,1.09311,1.09321,79,0,0,2024-01-09 13:16:00,1.0933297638598107,1.093628089294406,41.063405176407755,0.000169103736219735,1.273238238629762e-05
1704806220,1.0932,1.09322,1.09311,1.09311,98,0,0,2024-01-09 13:17:00,1.0933088339684003,1.0936077720671742,37.75230757179084,0.0001648820407754721,1.2026561785999362e-05
1704806280,1.09311,1.09322,1.09311,1.0931899999999999,84,0,0,2024-01-09 13:18:00,1.0932975164476002,1.0935913888488538,41.79570757508785,0.0001609618950057994,1.7665293331599043e-05
1704806340,1.0931899999999999,1.09327,1.09318,1.09318,76,0,0,2024-01-09 13:19:00,1.0932863244049718,1.0935752559528205,41.433407190425505,0.0001558931882196654,2.1201223102021763e-05
1704806400,1.0931899999999999,1.09327,1.09316,1.09323,102,0,0,2024-01-09 13:20:00,1.0932809601759268,1.0935617165036902,44.04514499571237,0.00015261510334683607,2.7014536129510696e-05
1704806460,1.09323,1.0933,1.09305,1.0930900000000001,219,0,0,2024-01-09 13:21:00,1.0932627734925051,1.0935432178172708,38.82445718688774,0.00015957116739348073,2.176359766971304e-05
1704806520,1.0931,1.09318,1.09306,1.09311,175,0,0,2024-01-09 13:22:00,1.093248223636076,1.0935262288832601,39.92004185118459,0.0001567446554368121,2.001428616803499e-05
1704806580,1.0931,1.09321,1.09305,1.09306,132,0,0,2024-01-09 13:23:00,1.0932302975754975,1.0935079453976422,38.08378709546669,0.00015697718004846397,1.6038575331558204e-05
1704806640,1.09306,1.09327,1.09305,1.09325,77,0,0,2024-01-09 13:24:00,1.0932321739968787,1.0934978298918523,47.89247034236611,0.0001614788100449942,2.6155498014681044e-05
1704806700,1.09325,1.09344,1.09322,1.09343,143,0,0,2024-01-09 13:25:00,1.0932510145686045,1.0934951698960935,55.14257466227542,0.00016565889504177223,4.387727425527417e-05
1704806760,1.09343,1.09349,1.09334,1.09341,217,0,0,2024-01-09 13:26:00,1.0932661560382613,1.0934918299001684,54.239545067947,0.00016454040253879523,5.257308263361542e-05
1704806820,1.09341,1.09348,1.09336,1.09346,114,0,0,2024-01-09 13:27:00,1.0932846173679507,1.0934905816687892,56.17192292472584,0.0001613589452145883,5.950315235105362e-05
1704806880,1.09346,1.09349,1.09331,1.09334,108,0,0,2024-01-09 13:28:00,1.0932898919043363,1.0934846765053075,50.64441696284162,0.00016269044912783692,5.397858300863145e-05
1704806940,1.09334,1.09346,1.09334,1.09345,53,0,0,2024-01-09 13:29:00,1.0933051402943994,1.0934833166423543,55.01439832169693,0.00015964113133299997,5.549232881237386e-05
1704807000,1.09346,1.09347,1.09315,1.09317,105,0,0,2024-01-09 13:30:00,1.0932922697901708,1.0934710297152033,44.26958691986116,0.0001710953362377768,3.632283400693267e-05
1704807060,1.09316,1.09316,1.09301,1.09306,116,0,0,2024-01-09 13:31:00,1.0932701488577736,1.0934549109028424,40.890752789274075,0.00017030281222078832,1.5960597045900894e-05
1704807120,1.09306,1.0930900000000001,1.09302,1.09306,78,0,0,2024-01-09 13:32:00,1.0932501346808428,1.0934394242007703,40.890752789274075,0.00016313832563359017,2.9017601080258832e-06
1704807180,1.09305,1.09308,1.09294,1.09302,90,0,0,2024-01-09 13:33:00,1.093228217092191,1.093422976192897,39.61559405901983,0.00016148558808833582,-7.454201625694175e-06
1704807240,1.09302,1.0931,1.09302,1.09306,72,0,0,2024-01-09 13:34:00,1.0932121964167443,1.0934087418323915,41.577612683799586,0.00015566518893915881,-1.0450774179528261e-05
1704807300,1.09306,1.09311,1.09301,1.09303,128,0,0,2024-01-09 13:35:00,1.0931948443770543,1.0933938892115134,40.51436770661113,0.00015168910401493237,-1.3120955924544948e-05
1704807360,1.09303,1.09307,1.09298,1.09303,142,0,0,2024-01-09 13:36:00,1.093179144912573,1.093379619046356,40.51436770661113,0.00014728273944243173,-1.350215166740393e-05
1704807420,1.09303,1.09304,1.09286,1.09292,173,0,0,2024-01-09 13:37:00,1.0931544644447089,1.0933615947700286,36.54070079609704,0.00014961968662512013,-1.9417841303241137e-05
1704807480,1.09291,1.09302,1.09291,1.09296,89,0,0,2024-01-09 13:38:00,1.0931359440214032,1.0933458459555176,38.88796059676392,0.00014678970900904403,-1.887542750378233e-05
1704807540,1.09296,1.09302,1.09295,1.09296,65,0,0,2024-01-09 13:39:00,1.0931191874479362,1.0933307147415758,38.88796059676392,0.00014130472979411338,-1.6823319448010373e-05
1704807600,1.09296,1.09302,1.09294,1.09296,104,0,0,2024-01-09 13:40:00,1.093104026738609,1.0933161769085729,38.88796059676392,0.000136925820523111,-1.3894195427467489e-05
1704807660,1.09295,1.09298,1.09289,1.09293,63,0,0,2024-01-09 13:41:00,1.0930874527635033,1.0933010327160797,37.58568276822165,0.00013357397620004203,-1.2451786544743622e-05
1704807720,1.09292,1.09303,1.09291,1.09294,112,0,0,2024-01-09 13:42:00,1.0930734096431696,1.093286874570351,38.3270723391377,0.0001326044064714603,-9.435748672005013e-06
1704807780,1.09294,1.09298,1.09291,1.09291,101,0,0,2024-01-09 13:43:00,1.0930578468200105,1.0932720951754353,36.91056484065458,0.00012813266315207133,-8.12269689646488e-06
1704807840,1.09291,1.09303,1.0929,1.09295,95,0,0,2024-01-09 13:44:00,1.0930475756942952,1.093259463992085,40.08990266346045,0.00012826604435549221,-3.460126421679397e-06
1704807900,1.09295,1.09301,1.09289,1.09291,91,0,0,2024-01-09 13:45:00,1.0930344732472195,1.0932457595218072,38.026197637284874,0.00012767561261582276,-2.040088943347859e-06
1704807960,1.09292,1.09301,1.09291,1.09301,59,0,0,2024-01-09 13:46:00,1.09303214246177,1.093236514050364,45.56977642082716,0.0001256987831432632,6.212273670047345e-06
1704808020,1.09301,1.0931,1.09301,1.09306,97,0,0,2024-01-09 13:47:00,1.093034795560649,1.093229591930742,48.9178366120364,0.00012314887006159607,1.5109360609874895e-05
1704808080,1.09306,1.09318,1.09306,1.09316,65,0,0,2024-01-09 13:48:00,1.093046719792968,1.093226862835419,54.89375299080278,0.00012292395077149063,2.7100594169738023e-05
1704808140,1.09317,1.09323,1.09316,1.0931899999999999,89,0,0,2024-01-09 13:49:00,1.093060365526971,1.09322541723403,56.53648242768843,0.00011914366857352805,3.587357440674865e-05
1704808200,1.0931899999999999,1.09322,1.09303,1.09311,122,0,0,2024-01-09 13:50:00,1.0930650926196406,1.0932208910679897,51.18331114910149,0.00012420483510399994,3.506781553544886e-05
1704808260,1.09311,1.09312,1.09306,1.09307,67,0,0,2024-01-09 13:51:00,1.0930655599891987,1.0932149737712058,48.70035434687408,0.00011961877545372645,3.077330768131233e-05
1704808320,1.09307,1.09307,1.09292,1.09299,146,0,0,2024-01-09 13:52:00,1.0930583637997513,1.0932061512703741,44.093254542237496,0.00012178886292132418,2.189439960540722e-05
1704808380,1.09298,1.0931,1.09296,1.09301,93,0,0,2024-01-09 13:53:00,1.0930537577235846,1.093198459063693,45.48180498181304,0.00012308965842694597,1.6939389934373976e-05
1704808440,1.09301,1.09311,1.09297,1.09308,91,0,0,2024-01-09 13:54:00,1.0930562569880051,1.0931938136102148,50.14868657278594,0.00012429753996788046,1.7855828454452586e-05
1704808500,1.09307,1.09308,1.09299,1.09302,103,0,0,2024-01-09 13:55:00,1.0930528039415284,1.0931869973902064,46.476250138563806,0.00012184771568447082,1.406734238888848e-05
1704808560,1.09302,1.09303,1.09294,1.093,85,0,0,2024-01-09 13:56:00,1.093047774994716,1.093179664159218,45.285775995599245,0.00011957287884986029,1.0049143676605496e-05
1704808620,1.09299,1.09316,1.09295,1.09305,120,0,0,2024-01-09 13:57:00,1.0930479868999812,1.0931745792902292,48.81558588148095,0.00012603195893200037,1.0541938579562974e-05
1704808680,1.09305,1.0932,1.09305,1.09311,98,0,0,2024-01-09 13:58:00,1.0930538929095068,1.0931720467690438,52.75450785296867,0.0001277439618654198,1.4450453192737182e-05
1704808740,1.09311,1.09322,1.0931,1.09314,116,0,0,2024-01-09 13:59:00,1.093062093584792,1.093170790033003,54.63435035015447,0.0001271908217321841,1.834751853222833e-05
1704808800,1.09314,1.09323,1.09305,1.09306,188,0,0,2024-01-09 14:00:00,1.0930618941957642,1.0931664453258265,49.03172393158527,0.00013096290589416002,1.4971356357647776e-05
1704808860,1.09308,1.09308,1.09293,1.09296,122,0,0,2024-01-09 14:01:00,1.0930521899866437,1.093158349430696,43.08417096413506,0.0001323226983302982,5.902984057565674e-06
1704808920,1.09296,1.09299,1.09288,1.09291,149,0,0,2024-01-09 14:02:00,1.0930386480831538,1.0931486102373356,40.442642085386346,0.00013072821987812207,-3.0803471160420164e-06
1704808980,1.09291,1.09294,1.09289,1.09294,104,0,0,2024-01-09 14:03:00,1.0930292530276153,1.0931404294437146,42.71217200736184,0.00012496191845826375,-6.427021254925088e-06
1704809040,1.09294,1.09298,1.09286,1.09291,118,0,0,2024-01-09 14:04:00,1.0930178955964138,1.0931313929949416,41.028450391917815,0.00012460749571125348,-9.879721123834682e-06
1704809100,1.09291,1.09303,1.09289,1.09295,174,0,0,2024-01-09 14:05:00,1.0930114293491364,1.0931242795441596,44.18761759221032,0.00012570696030330888,-8.728125283643758e-06
1704809160,1.09295,1.09303,1.09288,1.09303,116,0,0,2024-01-09 14:06:00,1.0930131979825521,1.0931205823071337,49.96127470789688,0.000127442177424492,-2.1784149343171015e-06
1704809220,1.09303,1.0931,1.093,1.0930900000000001,137,0,0,2024-01-09 14:07:00,1.0930205124604044,1.0931193830009716,53.81980682383103,0.00012548202189417034,6.13999414308196e-06
1704809280,1.0930900000000001,1.0931,1.09302,1.09306,70,0,0,2024-01-09 14:08:00,1.0930242731784612,1.0931170542558355,51.674227562404305,0.0001222333060445766,9.373340536250111e-06
1704809340,1.09306,1.09327,1.09304,1.09327,194,0,0,2024-01-09 14:09:00,1.0930476757328935,1.0931230521281556,62.84142515324825,0.00012993092704138915,2.4544846369116296e-05
1704809400,1.09327,1.09333,1.0930900000000001,1.09321,253,0,0,2024-01-09 14:10:00,1.0930631351869036,1.09312646184862,58.6698774333565,0.00013779300368127535,2.9116931952411958e-05
1704809460,1.09322,1.09333,1.09312,1.09312,138,0,0,2024-01-09 14:11:00,1.0930685508833888,1.0931262084427917,52.98784876168899,0.0001429506462754572,2.4824936694765858e-05
1704809520,1.09313,1.09333,1.09304,1.09333,194,0,0,2024-01-09 14:12:00,1.0930934507992565,1.0931342002685647,62.18943798013554,0.00015345417154148897,3.42908188681512e-05
1704809580,1.09334,1.09338,1.09324,1.09331,191,0,0,2024-01-09 14:13:00,1.0931140745326606,1.0931410943756799,60.96557506347161,0.00015249315928852754,3.712743650542814e-05
1704809640,1.0933,1.09333,1.09318,1.09323,165,0,0,2024-01-09 14:14:00,1.0931251150533596,1.0931445808707512,56.20119530544087,0.00015231507648219504,3.174657861092597e-05
1704809700,1.09322,1.09328,1.09318,1.09328,150,0,0,2024-01-09 14:15:00,1.0931398660006588,1.0931498914248394,58.389890361851506,0.0001485782853048946,2.9721179136191428e-05
1704809760,1.09327,1.09335,1.09322,1.09332,143,0,0,2024-01-09 14:16:00,1.0931570216196438,1.0931565623493555,60.10736522656467,0.00014725126492597093,2.919917356272412e-05
1704809820,1.09331,1.0934,1.09325,1.09337,147,0,0,2024-01-09 14:17:00,1.0931773052749159,1.0931649324533024,62.20724659349464,0.00014744760314553532,3.0218456371075812e-05
1704809880,1.09335,1.09358,1.09333,1.09349,175,0,0,2024-01-09 14:18:00,1.0932070857249239,1.0931776802002318,66.7331900247194,0.00015477277434943162,3.654871888096675e-05
1704809940,1.09352,1.0937000000000001,1.09352,1.09369,191,0,0,2024-01-09 14:19:00,1.0932530775606455,1.0931977711727716,72.61874444078722,0.00015871757618161818,5.0898068937888546e-05
1704810000,1.09366,1.09396,1.09361,1.09392,278,0,0,2024-01-09 14:20:00,1.0933165939834413,1.0932260938718787,77.539931024471,0.00017238060645436492,7.131993399244022e-05
1704810060,1.09392,1.09403,1.09387,1.09396,181,0,0,2024-01-09 14:21:00,1.093377870746923,1.093254874504354,78.27134972717538,0.0001714962774219217,8.218947721009366e-05
1704810120,1.09398,1.09413,1.09396,1.09405,235,0,0,2024-01-09 14:22:00,1.0934418830567398,1.0932860558963402,79.86051999144169,0.00017138940046321327,8.950556749012749e-05
1704810180,1.09405,1.09414,1.09403,1.0941,174,0,0,2024-01-09 14:23:00,1.0935045608608598,1.0933179752729543,80.70482353739641,0.0001670044432872575,9.145419292304574e-05
1704810240,1.09411,1.09415,1.09404,1.09409,149,0,0,2024-01-09 14:24:00,1.0935603169693493,1.0933482507524461,79.98261826267667,0.00016293269733817157,8.58989427756104e-05
1704810300,1.09409,1.09415,1.09405,1.0941,109,0,0,2024-01-09 14:25:00,1.0936117153532208,1.0933777311150952,80.17368620331848,0.00015843750467115853,7.701219639115892e-05
1704810360,1.09411,1.09416,1.09404,1.09405,135,0,0,2024-01-09 14:26:00,1.0936534567481522,1.093404094600778,76.25445863584228,0.00015569196862322718,6.249860443471655e-05
1704810420,1.09405,1.09413,1.09401,1.09409,183,0,0,2024-01-09 14:27:00,1.0936950322959471,1.0934309928517278,77.21410111811291,0.00015314254229300522,5.082018393849194e-05
1704810480,1.09409,1.09409,1.09388,1.09398,222,0,0,2024-01-09 14:28:00,1.0937221720772856,1.093452522543817,68.96047127039402,0.00015720378927207938,3.1842517035637094e-05
1704810540,1.09398,1.09402,1.0937999999999999,1.09394,267,0,0,2024-01-09 14:29:00,1.0937429175937345,1.0934716393068045,66.1897606570693,0.00016168923289551005,1.3679325483237261e-05
1704810600,1.09395,1.09403,1.09376,1.09381,250,0,0,2024-01-09 14:30:00,1.0937493063943313,1.0934849083535965,58.02943758070552,0.00016942571626011593,-8.795991877621567e-06
1704810660,1.09381,1.09385,1.0935,1.09356,283,0,0,2024-01-09 14:31:00,1.0937312772139187,1.0934878531240437,46.22652631664333,0.00018232387938439852,-4.0433944694202216e-05
1704810720,1.09356,1.09356,1.09335,1.09341,307,0,0,2024-01-09 14:32:00,1.0937006793840216,1.0934848000603556,40.856921170225185,0.00018430074514265887,-6.968242261800987e-05
1704810780,1.0934,1.09352,1.09329,1.09351,246,0,0,2024-01-09 14:33:00,1.0936825194426862,1.093485788293283,45.40953979893657,0.00018756497763246555,-7.978673413648756e-05
1704810840,1.09351,1.09352,1.09327,1.09335,212,0,0,2024-01-09 14:34:00,1.0936508509243352,1.093480463262174,40.09190291407645,0.0001920246220872954,-9.377291081630443e-05
1704810900,1.09335,1.09344,1.09331,1.09334,192,0,0,2024-01-09 14:35:00,1.0936212460743986,1.0934749548989515,39.77836991231418,0.00018759429193820025,-9.967260987724477e-05
1704810960,1.09334,1.09344,1.0933,1.09342,160,0,0,2024-01-09 14:36:00,1.0936020797815988,1.093472799804875,43.579708763983675,0.00018419469965690228,-9.422382567127207e-05
1704811020,1.0934,1.09361,1.09338,1.09348,260,0,0,2024-01-09 14:37:00,1.0935904531357323,1.0934730821654683,46.31667494850662,0.00018746650682426302,-8.30092644004245e-05
1704811080,1.09352,1.09353,1.09341,1.09345,156,0,0,2024-01-09 14:38:00,1.0935770766466149,1.0934721769825089,45.137637444846966,0.00018264747062252267,-7.432310643854315e-05
1704811140,1.09343,1.09375,1.09343,1.09362,206,0,0,2024-01-09 14:39:00,1.0935811645850324,1.0934779739635871,52.51438119630502,0.00019245836557806379,-5.474411528408052e-05
1704811200,1.09361,1.09361,1.09335,1.09339,180,0,0,2024-01-09 14:40:00,1.093562958434077,1.0934745240042307,43.91169649589638,0.0001979970537510587,-5.476636299734717e-05
1704811260,1.09341,1.09341,1.09301,1.09305,192,0,0,2024-01-09 14:41:00,1.0935141052498791,1.093457876004065,34.828706044200004,0.00021242583562597992,-7.396824063268959e-05
1704811320,1.09305,1.09308,1.09289,1.093,222,0,0,2024-01-09 14:42:00,1.0934651428451287,1.093439920082337,33.72395871277769,0.00021082399022413382,-8.550923348693687e-05
1704811380,1.093,1.09325,1.09293,1.09322,181,0,0,2024-01-09 14:43:00,1.0934417959074976,1.0934312957653827,42.38375944005715,0.0002186222766367027,-7.421787218993103e-05
1704811440,1.09323,1.09333,1.09318,1.09325,157,0,0,2024-01-09 14:44:00,1.093423529630593,1.0934241861275245,43.46849810251188,0.00021372068544835767,-6.116374404602078e-05
1704811500,1.09325,1.09343,1.0931899999999999,1.09339,166,0,0,2024-01-09 14:45:00,1.0934203363324413,1.0934228454950725,48.355019290426895,0.00021559777934490484,-4.0529719196279426e-05
1704811560,1.09339,1.09348,1.09337,1.09345,146,0,0,2024-01-09 14:46:00,1.0934231614436374,1.0934239103776187,50.33634484183491,0.0002080550808202727,-2.1239469294406427e-05
1704811620,1.09345,1.0936,1.09337,1.0935,175,0,0,2024-01-09 14:47:00,1.0934304794013863,1.0934268942843786,51.98932989187835,0.00020962257504739267,-4.392465863360659e-06
1704811680,1.09349,1.09356,1.09339,1.09349,140,0,0,2024-01-09 14:48:00,1.0934361480298258,1.0934293690183245,51.61928288826038,0.0002067923911154363,6.220961744235491e-06
1704811740,1.09349,1.09364,1.09337,1.09352,188,0,0,2024-01-09 14:49:00,1.093444133931747,1.0934329231744686,52.70682744485934,0.00021130722032147606,1.4909459099716769e-05
1704811800,1.09352,1.0937000000000001,1.0935,1.09356,188,0,0,2024-01-09 14:50:00,1.0934551687953902,1.0934379065793913,54.18559603894275,0.0002104995617270992,2.2540177041602066e-05
1704811860,1.09352,1.09371,1.09347,1.09363,163,0,0,2024-01-09 14:51:00,1.0934718193863053,1.0934454396547095,56.73512503082596,0.00021260673588945054,3.0971040787694916e-05
1704811920,1.09365,1.09367,1.09347,1.09358,184,0,0,2024-01-09 14:52:00,1.0934821223018953,1.0934507165309955,54.40616170502566,0.0002117062547544882,3.173275168886023e-05
1704811980,1.09358,1.09375,1.09349,1.09373,186,0,0,2024-01-09 14:53:00,1.0935057297017148,1.0934616688238976,59.74488750913194,0.00021515580798630527,4.0338863422098716e-05
1704812040,1.09373,1.09381,1.09365,1.09371,186,0,0,2024-01-09 14:54:00,1.0935251840158373,1.0934714073013918,58.75698433834479,0.00021121610741585046,4.246960374937336e-05
1704812100,1.09371,1.09411,1.09371,1.09409,358,0,0,2024-01-09 14:55:00,1.093578976014329,1.0934956658385921,69.18342874749399,0.000224700671171858,6.586027850876706e-05
1704812160,1.09409,1.09418,1.09385,1.09404,261,0,0,2024-01-09 14:56:00,1.0936228830605834,1.0935170122762945,66.79080936680856,0.00023222205180243542,7.375838613629788e-05
1704812220,1.09404,1.09413,1.09388,1.09392,258,0,0,2024-01-09 14:57:00,1.0936511799119564,1.09353281571644,61.310531947684915,0.00023349190524512455,6.689667422443795e-05
1704812280,1.09391,1.09401,1.09381,1.09399,264,0,0,2024-01-09 14:58:00,1.0936834484917701,1.0935507445118737,63.20702900344012,0.00023109962629904265,6.311638072054112e-05
1704812340,1.09399,1.0941,1.09395,1.09405,233,0,0,2024-01-09 14:59:00,1.0937183581592205,1.093570323158467,64.7997617560003,0.00022530679584911777,6.0683598172595646e-05
1704812400,1.09406,1.09414,1.09385,1.0939,258,0,0,2024-01-09 15:00:00,1.093735657382152,1.0935832516620567,58.03583380068209,0.0002299277390027452,4.5682920270735864e-05
1704812460,1.09388,1.09394,1.09367,1.09378,300,0,0,2024-01-09 15:01:00,1.0937398804886136,1.0935909672831525,53.24734786937354,0.00023279004335969143,2.5401698662982512e-05
1704812520,1.0937999999999999,1.09385,1.09363,1.0937999999999999,238,0,0,2024-01-09 15:02:00,1.0937456061563646,1.0935991646445975,53.92961935484674,0.0002318764688339911,1.1750487036576665e-05
1704812580,1.0937999999999999,1.09384,1.09372,1.09375,153,0,0,2024-01-09 15:03:00,1.0937460246176633,1.0936050797565742,51.89085745896718,0.00022388529248869874,-1.5235619115919012e-06
1704812640,1.09375,1.0937999999999999,1.09366,1.09375,154,0,0,2024-01-09 15:04:00,1.0937464032255049,1.0936107629033753,51.89085745896718,0.00021789348588234934,-1.0671009322983812e-05
1704812700,1.09375,1.09388,1.09372,1.09379,194,0,0,2024-01-09 15:05:00,1.0937505552992663,1.0936177918091252,53.52110771101508,0.0002137582368907485,-1.417543058608875e-05
1704812760,1.09379,1.09382,1.09364,1.09382,170,0,0,2024-01-09 15:06:00,1.0937571690802885,1.0936257215421006,54.75933837269114,0.00021134693425569996,-1.4565072794305977e-05
1704812820,1.09382,1.09392,1.09366,1.09375,218,0,0,2024-01-09 15:07:00,1.0937564863107372,1.0936305952071164,51.32356826726567,0.00021482215323743046,-1.9330575780618028e-05
1704812880,1.09375,1.09381,1.09359,1.09379,189,0,0,2024-01-09 15:08:00,1.093759678090667,1.0936368463754647,53.13315040294276,0.00021519199943474877,-1.952496667446874e-05
1704812940,1.09379,1.09404,1.09373,1.09395,213,0,0,2024-01-09 15:09:00,1.093777803986794,1.0936491269097601,59.60247572642967,0.0002219639994751103,-9.141461767569372e-06
1704813000,1.09397,1.09437,1.09395,1.09417,265,0,0,2024-01-09 15:10:00,1.0938151559880518,1.093669553305456,66.45837870082457,0.0002361094280840372,1.117763788371081e-05
1704813060,1.09417,1.09437,1.09414,1.09432,221,0,0,2024-01-09 15:11:00,1.0938632363701422,1.0936950610189675,70.17496434719178,0.0002356730403637613,3.21663024921581e-05
1704813120,1.0943100000000001,1.0944099999999999,1.0943,1.09434,203,0,0,2024-01-09 15:12:00,1.0939086424301285,1.093720352743714,70.64206345894975,0.00022669639462348065,4.4104767156939655e-05
1704813180,1.09432,1.09455,1.09428,1.09452,250,0,0,2024-01-09 15:13:00,1.0939668669605924,1.093751711459647,74.51112726303444,0.0002297895092932315,5.985521030838043e-05
1704813240,1.09453,1.09468,1.09445,1.09457,312,0,0,2024-01-09 15:14:00,1.0940243082024408,1.0937838012063275,75.4778910291677,0.0002298045443437274,6.873654504051615e-05
1704813300,1.09457,1.09468,1.09452,1.09454,252,0,0,2024-01-09 15:15:00,1.09407342170697,1.0938134560609813,73.67233851140553,0.00022481850546204402,6.758480385421774e-05
1704813360,1.09454,1.09462,1.09444,1.09452,197,0,0,2024-01-09 15:16:00,1.094115952972973,1.0938411636664331,72.4284175411614,0.00022161718364331566,6.068903843075245e-05
1704813420,1.09452,1.09465,1.09444,1.09457,171,0,0,2024-01-09 15:17:00,1.0941591955469756,1.0938697454834359,73.62727627386847,0.0002207873848116375,5.48834311862852e-05
1704813480,1.09457,1.09457,1.09419,1.09426,196,0,0,2024-01-09 15:18:00,1.094168795971073,1.0938850495821246,57.06108367077636,0.00023215971446795248,2.6966004077587564e-05
1704813540,1.09426,1.09432,1.09418,1.09422,254,0,0,2024-01-09 15:19:00,1.0941736725452567,1.0938981848926295,55.33112219950411,0.00022557687772024366,3.822102568572672e-06
1704813600,1.09421,1.09421,1.09391,1.09403,433,0,0,2024-01-09 15:20:00,1.0941599894457084,1.0939033541125265,47.90213546009543,0.0002316071007402286,-2.469796492999242e-05
1704813660,1.09403,1.09406,1.09379,1.09382,333,0,0,2024-01-09 15:21:00,1.094127609498498,1.0939000853238,41.30162372394692,0.00023434945068735459,-5.631270167017339e-05
1704813720,1.0937999999999999,1.09395,1.09378,1.09382,302,0,0,2024-01-09 15:22:00,1.0940983133557838,1.0938969447228666,41.30162372394692,0.00022975306135254378,-7.467976295690072e-05
1704813780,1.09383,1.09395,1.09368,1.09383,242,0,0,2024-01-09 15:23:00,1.094072759702852,1.093894319439617,41.7449326883225,0.0002326278426845044,-8.297221929251021e-05
1704813840,1.09383,1.09384,1.09349,1.09357,355,0,0,2024-01-09 15:24:00,1.09402487782639,1.0938816010302201,34.45822483988621,0.00024101156820702913,-0.00010155706291798552
1704813900,1.09359,1.09367,1.09337,1.09347,427,0,0,2024-01-09 15:25:00,1.0939720323191147,1.0938654598133488,32.134870341885204,0.00024522502762081044,-0.0001151764319872018
1704813960,1.09347,1.09356,1.09328,1.09356,309,0,0,2024-01-09 15:26:00,1.0939327911458656,1.0938534809971392,36.297846163370295,0.00024770895421932814,-0.0001125817214586578
1704814020,1.09355,1.09365,1.09346,1.09362,262,0,0,2024-01-09 15:27:00,1.093903001512926,1.0938443248796044,38.98496868063438,0.00024358688606079844,-0.00010161829236884405
1704814080,1.09364,1.09364,1.09346,1.09358,194,0,0,2024-01-09 15:28:00,1.093872239464076,1.0938339591980513,37.83901619151341,0.00023904496562787334,-9.213439142114626e-05
1704814140,1.09358,1.09368,1.09357,1.09363,201,0,0,2024-01-09 15:29:00,1.093849169038926,1.0938259607981278,40.205090248623605,0.00022982746808302914,-7.812140915040576e-05
1704814200,1.09363,1.09386,1.09356,1.09375,297,0,0,2024-01-09 15:30:00,1.0938397243685523,1.0938229819432994,45.56081213980017,0.00023483979179138187,-5.735897917425799e-05
1704814260,1.09375,1.09375,1.09342,1.0936,256,0,0,2024-01-09 15:31:00,1.0938168934763093,1.0938142375533662,40.65851117222752,0.0002416369495205647,-5.055456353693804e-05
1704814320,1.09358,1.09369,1.09334,1.09343,338,0,0,2024-01-09 15:32:00,1.0937800464785654,1.0937991694140186,35.938809522222854,0.0002493771674119581,-5.401658878711263e-05
1704814380,1.09343,1.09367,1.09341,1.09359,276,0,0,2024-01-09 15:33:00,1.0937619468139401,1.0937909666919003,42.68261712086,0.0002501359411682416,-4.254899141508619e-05
1704814440,1.09359,1.09373,1.09354,1.09372,240,0,0,2024-01-09 15:34:00,1.093757951879279,1.0937881836843748,47.51695747637026,0.0002458405167990911,-2.414249837822748e-05
1704814500,1.09373,1.09376,1.09358,1.09367,208,0,0,2024-01-09 15:35:00,1.0937495755098239,1.0937835490300856,45.91298206075615,0.00024113762274201807,-1.3783892597448157e-05
1704814560,1.09366,1.09396,1.09363,1.0937999999999999,238,0,0,2024-01-09 15:36:00,1.0937543778422216,1.0937841941661606,50.583638071594784,0.00024748493540329835,2.5060338994040826e-06
1704814620,1.0937999999999999,1.09417,1.09374,1.09416,336,0,0,2024-01-09 15:37:00,1.093793008523915,1.0937989316498407,60.70364752268546,0.0002605217257316451,3.6332003367351364e-05
1704814680,1.09416,1.09457,1.09404,1.09411,588,0,0,2024-01-09 15:38:00,1.093823198188304,1.0938111304086704,58.899492351143756,0.0002797701738936806,5.312796147564343e-05
1704814740,1.09411,1.09453,1.094,1.09448,404,0,0,2024-01-09 15:39:00,1.0938857507417987,1.0938373605887226,66.7700454092438,0.000297643732901269,8.505169594451122e-05
1704814800,1.09448,1.09448,1.094,1.09419,355,0,0,2024-01-09 15:40:00,1.0939147268616274,1.0938511895852434,57.47930122955415,0.00031066918055116507,8.247022451096509e-05
1704814860,1.09419,1.09436,1.09412,1.09421,307,0,0,2024-01-09 15:41:00,1.093942848112901,1.0938652605819004,57.91423262853915,0.0003056213819403689,7.799239295294021e-05
1704814920,1.09421,1.09429,1.09395,1.09402,322,0,0,2024-01-09 15:42:00,1.0939501959116724,1.0938713287943749,52.42779724444791,0.0003080769975160573,5.898122509552814e-05
1704814980,1.09402,1.09426,1.09386,1.0942,363,0,0,2024-01-09 15:43:00,1.0939739867772273,1.0938842178612622,56.62049135547657,0.0003146429262649072,5.533554590650096e-05
1704815040,1.0942,1.09424,1.09387,1.09391,352,0,0,2024-01-09 15:44:00,1.0939678927984438,1.0938852289255265,49.11072479747113,0.0003185970029602855,3.139134696661128e-05
1704815100,1.09389,1.09398,1.0937999999999999,1.09393,264,0,0,2024-01-09 15:45:00,1.0939642839604968,1.0938869846539372,49.60713255028706,0.0003086972170345558,1.569155212264102e-05
1704815160,1.09393,1.09399,1.09371,1.09378,254,0,0,2024-01-09 15:46:00,1.0939467331071162,1.0938827891773122,45.984148779903826,0.000306647415817806,-4.902567836603775e-06
1704815220,1.09378,1.09426,1.09377,1.09412,391,0,0,2024-01-09 15:47:00,1.0939632347159622,1.0938920915625157,54.156904862055626,0.00031974402897368424,3.7970510536511657e-06
1704815280,1.09412,1.09436,1.09403,1.09411,386,0,0,2024-01-09 15:48:00,1.093977212362061,1.0939006369914366,53.89860119384281,0.0003204765983327026,8.056532959402697e-06
1704815340,1.0941,1.09419,1.09396,1.09414,289,0,0,2024-01-09 15:49:00,1.0939927159466267,1.0939100237760861,54.598210609311906,0.0003140139841660776,1.184407802747673e-05
1704815400,1.09413,1.09421,1.09369,1.09373,455,0,0,2024-01-09 15:50:00,1.0939676953802813,1.0939029640201612,44.63002796085371,0.0003287272710113474,-1.2969494271592328e-05
1704815460,1.09376,1.09382,1.09358,1.09377,345,0,0,2024-01-09 15:51:00,1.093948867248826,1.093897749744861,45.672155493601146,0.0003223896087962524,-2.566141555972603e-05
1704815520,1.09377,1.09412,1.09367,1.09407,328,0,0,2024-01-09 15:52:00,1.0939604037013186,1.0939045046568272,52.84111376169498,0.00033150463673938164,-1.343930919361142e-05
1704815580,1.09407,1.09425,1.09395,1.0942,386,0,0,2024-01-09 15:53:00,1.0939832223964312,1.0939160927095009,55.576704542811406,0.00032925430554370916,2.9393520843141234e-06
1704815640,1.0942,1.09425,1.09409,1.09412,237,0,0,2024-01-09 15:54:00,1.0939962488348662,1.0939240890738342,53.51925602258155,0.0003171647122905827,7.656256187016868e-06
1704815700,1.09411,1.09417,1.0939,1.09407,344,0,0,2024-01-09 15:55:00,1.094003272755355,1.0939298110709388,52.218121701265154,0.0003137958042698262,6.713608668622978e-06
1704815760,1.09407,1.0944,1.09403,1.09432,426,0,0,2024-01-09 15:56:00,1.094033437254845,1.0939451125975688,57.749108590973016,0.00031781038967912303,2.1403076451833015e-05
1704815820,1.09432,1.09444,1.09418,1.09423,355,0,0,2024-01-09 15:57:00,1.0940521575162885,1.0939562846525661,55.268795009104075,0.00031368107613062487,2.3373617448118257e-05
1704815880,1.09422,1.09432,1.09408,1.09422,365,0,0,2024-01-09 15:58:00,1.0940681425147372,1.0939666264308967,54.98620472556914,0.00030841814212129577,2.2321022429253982e-05
1704815940,1.09422,1.09469,1.09422,1.09462,298,0,0,2024-01-09 15:59:00,1.0941207003704765,1.0939922489238028,63.11109750168618,0.00031995970339834394,4.5543131134081113e-05
1704816000,1.09462,1.09475,1.09442,1.09451,344,0,0,2024-01-09 16:00:00,1.0941577765256691,1.0940125528875753,59.9086717111039,0.00032067686744131517,5.011200198778691e-05
1704816060,1.09453,1.09469,1.09445,1.09464,288,0,0,2024-01-09 16:01:00,1.0942037025708435,1.09403715865669,62.340764773051816,0.00031491423405265114,5.795190089656662e-05
1704816120,1.09462,1.09472,1.0944099999999999,1.0944099999999999,295,0,0,2024-01-09 16:02:00,1.0942233499450489,1.0940517798858393,55.88171492773259,0.0003145632173346069,4.4324593285549924e-05
1704816180,1.0944099999999999,1.0947,1.0944099999999999,1.09456,266,0,0,2024-01-09 16:03:00,1.0942554118550443,1.0940717100863948,58.87437332025113,0.00031280870181071526,4.210611003652634e-05
1704816240,1.09456,1.09466,1.09425,1.09425,277,0,0,2024-01-09 16:04:00,1.0942548964402783,1.0940787018477127,51.1519155340916,0.0003197509373956657,1.7702659731625857e-05
1704816300,1.09424,1.09432,1.09396,1.09399,321,0,0,2024-01-09 16:05:00,1.0942296682078707,1.0940752233438809,45.73363703739131,0.0003226258704388264,-1.6176093691588127e-05
1704816360,1.09401,1.09404,1.09379,1.09404,363,0,0,2024-01-09 16:06:00,1.094211604569026,1.0940738420362779,46.89853336980574,0.00031743830826461465,-3.439745893252183e-05
1704816420,1.09403,1.09415,1.09385,1.09391,275,0,0,2024-01-09 16:07:00,1.094182880324357,1.0940674168583848,44.23949413054033,0.0003161927148171398,-5.325866323992962e-05
1704816480,1.09391,1.09433,1.09384,1.09433,362,0,0,2024-01-09 16:08:00,1.0941968917220373,1.0940777142364875,53.426870847893674,0.00032860752090163706,-3.631106841563497e-05
1704816540,1.09434,1.09447,1.09407,1.09439,313,0,0,2024-01-09 16:09:00,1.0942152829866052,1.0940899607370174,54.578242149766524,0.00033370698369437413,-2.06992316570759e-05
1704816600,1.09439,1.09457,1.09415,1.09432,412,0,0,2024-01-09 16:10:00,1.0942252560355,1.0940989818845854,52.93407200126914,0.00033987077057335364,-1.4992139016751813e-05
1704816660,1.09432,1.09437,1.09411,1.09424,279,0,0,2024-01-09 16:11:00,1.0942266602225952,1.0941045120067585,51.04160562102984,0.0003341657155324105,-1.6396329850524102e-05
1704816720,1.09424,1.09439,1.09421,1.09425,249,0,0,2024-01-09 16:12:00,1.0942288830585385,1.0941102174182582,51.27609848035772,0.0003231538787086718,-1.6403165097511886e-05
1704816780,1.09425,1.0943,1.09406,1.09411,240,0,0,2024-01-09 16:13:00,1.0942175608624871,1.094110208892052,47.8226809143891,0.00031721431594376796,-2.506907006051962e-05
1704816840,1.09411,1.09438,1.09409,1.09424,276,0,0,2024-01-09 16:14:00,1.0942196979232026,1.0941152987394225,51.11505554681012,0.0003152704362334918,-2.142012439706794e-05
1704816900,1.09424,1.09456,1.09421,1.09454,258,0,0,2024-01-09 16:15:00,1.0942502028828978,1.0941319536908176,57.741811114725685,0.00031775111935967613,6.540709449849509e-07
1704816960,1.09458,1.09458,1.09418,1.09425,329,0,0,2024-01-09 16:16:00,1.094250183560717,1.0941365829578444,50.60101719938696,0.0003236260394054263,-4.534222379229635e-06
1704817020,1.09424,1.09424,1.09399,1.09406,290,0,0,2024-01-09 16:17:00,1.0942320708406488,1.0941335797045957,46.540103768845455,0.0003190813223050335,-2.014603573608184e-05
1704817080,1.09406,1.0943,1.09396,1.0942,313,0,0,2024-01-09 16:18:00,1.0942290164748727,1.0941361844220627,49.74076338387847,0.0003205755135689602,-2.036696650851349e-05
1704817140,1.0942,1.09424,1.09407,1.09417,260,0,0,2024-01-09 16:19:00,1.0942233958582182,1.0941375105231583,49.062899506394096,0.00030982011974260617,-2.1732191104357085e-05
1704817200,1.09418,1.09419,1.09393,1.09403,228,0,0,2024-01-09 16:20:00,1.0942049772050544,1.094133294424211,45.918015580821454,0.00030626153976098623,-3.071348053121294e-05
1704817260,1.09403,1.09414,1.0939,1.094,222,0,0,2024-01-09 16:21:00,1.0941854555664778,1.0941280671918892,45.248693189966836,0.0003015285726351869,-3.690761255878911e-05
1704817320,1.094,1.0942,1.09395,1.09412,262,0,0,2024-01-09 16:22:00,1.0941792217030037,1.0941277508314229,48.48346438546687,0.00029784796030410805,-3.13733322014715e-05
1704817380,1.09411,1.09417,1.094,1.09407,180,0,0,2024-01-09 16:23:00,1.094168819636051,1.0941254860929357,47.231325077662184,0.00028871596313952917,-2.9555522978327142e-05
1704817440,1.09407,1.0941,1.09397,1.09398,218,0,0,2024-01-09 16:24:00,1.09415083681357,1.094119780755958,44.97951893591654,0.00027737910862956017,-3.264776196302219e-05
1704817500,1.09398,1.09402,1.09388,1.09398,175,0,0,2024-01-09 16:25:00,1.094134566640849,1.094114299157685,44.97951893591654,0.0002675663151560222,-3.2837423166247144e-05
1704817560,1.09399,1.09421,1.09398,1.09416,164,0,0,2024-01-09 16:26:00,1.0941369888655301,1.0941160913475798,50.45815450079449,0.00026488300693058864,-1.963583987786384e-05
1704817620,1.09416,1.0945,1.0941,1.09444,319,0,0,2024-01-09 16:27:00,1.094165847068813,1.0941287936476747,57.540723698239354,0.00027453422072125773,7.693587648728638e-06
1704817680,1.09445,1.09456,1.0943,1.09436,285,0,0,2024-01-09 16:28:00,1.094184337824164,1.0941378605634522,55.11626353377175,0.00027349606209830553,1.9453526274119168e-05
1704817740,1.09437,1.09438,1.09415,1.09425,310,0,0,2024-01-09 16:29:00,1.0941905913647199,1.0941422581884148,51.879416350891276,0.00027038920051985176,1.8879467036499386e-05
1704817800,1.09425,1.09471,1.09424,1.09459,418,0,0,2024-01-09 16:30:00,1.0942286302823656,1.09415981669083,59.74806427890677,0.00028464711476843164,3.927970861488678e-05
1704817860,1.09456,1.09461,1.09434,1.09439,356,0,0,2024-01-09 16:31:00,1.0942439988269022,1.094168843487268,54.13987996724889,0.0002836008922849717,3.720575636898107e-05
1704817920,1.09439,1.09465,1.09439,1.0946,339,0,0,2024-01-09 16:32:00,1.0942779037005306,1.0941857515858067,58.540340700250795,0.0002819151142646114,4.723457755566695e-05
1704817980,1.0946,1.09494,1.09457,1.0948,454,0,0,2024-01-09 16:33:00,1.094327627157623,1.0942098397589122,62.25499057366016,0.0002882068918171378,6.357762148686852e-05
1704818040,1.0948,1.09487,1.0946,1.09478,370,0,0,2024-01-09 16:34:00,1.0943707102854685,1.0942321989840529,61.66004033335289,0.0002869063995444846,6.883677623920966e-05
1704818100,1.09479,1.09514,1.09474,1.09485,548,0,0,2024-01-09 16:35:00,1.0944163569249477,1.0942564264748744,62.99307724133724,0.00029498451386273256,7.245976720882844e-05
1704818160,1.09484,1.09509,1.09479,1.09486,436,0,0,2024-01-09 16:36:00,1.0944586086463812,1.0942800960248793,63.189976129913866,0.00029534276287253503,7.087310894800551e-05
1704818220,1.09487,1.09504,1.09457,1.09499,441,0,0,2024-01-09 16:37:00,1.094509217346726,1.0943079353964527,65.741811875521,0.000307818279810209,7.360090423184326e-05
1704818280,1.09499,1.09504,1.09479,1.09487,347,0,0,2024-01-09 16:38:00,1.0945435775994188,1.0943299771456114,61.50335287208124,0.00030368840268091426,6.276775257341798e-05
1704818340,1.09487,1.09493,1.09461,1.09465,298,0,0,2024-01-09 16:39:00,1.0945537130661407,1.0943425270614697,54.558616210826195,0.0003048535167751258,3.7477927014877954e-05
1704818400,1.09465,1.09474,1.09443,1.09449,347,0,0,2024-01-09 16:40:00,1.0945476451550797,1.094348310313961,50.125607126516456,0.000305221122719762,8.196312826104973e-06
1704818460,1.09447,1.0946,1.09435,1.09446,238,0,0,2024-01-09 16:41:00,1.094539297997453,1.094352690301649,49.31648634291925,0.00030127675681121353,-1.3774671299867264e-05
1704818520,1.09446,1.09454,1.09438,1.09451,261,0,0,2024-01-09 16:42:00,1.0945365077119813,1.0943588593094273,50.743572054247814,0.0002911855598961383,-2.4874930471915723e-05
1704818580,1.09451,1.09455,1.0944,1.09448,255,0,0,2024-01-09 16:43:00,1.0945311260251258,1.094363609924744,49.83685885439858,0.000281100877046405,-3.362845402307121e-05
1704818640,1.09447,1.09449,1.09422,1.09432,319,0,0,2024-01-09 16:44:00,1.0945110187846376,1.094361899731617,45.198190125905946,0.0002803079572573755,-4.867186522871758e-05
1704818700,1.09432,1.09443,1.09421,1.09433,359,0,0,2024-01-09 16:45:00,1.0944937789003866,1.0943606487617497,45.53937519477732,0.0002760002460247136,-5.590911981227711e-05
1704818760,1.09433,1.09439,1.09421,1.0943100000000001,272,0,0,2024-01-09 16:46:00,1.094476276147969,1.0943586625357988,44.93679905910002,0.00026914308559438185,-5.9661339532578875e-05
1704818820,1.09432,1.09449,1.09425,1.0943100000000001,353,0,0,2024-01-09 16:47:00,1.094460440324353,1.0943567542010617,44.93679905910002,0.0002670614366233559,-5.9620175821590294e-05
1704818880,1.0943100000000001,1.09469,1.0943100000000001,1.0945,361,0,0,2024-01-09 16:48:00,1.0944642079125098,1.094362371683373,51.94288594707174,0.00027512847686453226,-4.4942308169715784e-05
